chunckID,start_time,subtitles
0,00:00:00.375,"['[주제곡]\n', '\n']"
1,00:00:51.718,"['[잔잔한 음악]\n', '\n']"
2,00:00:57.849,"['(삼신)\n', '사람의 손때나 피가 묻은 물건에\n', '염원이 깃들면\n', '\n']"
3,00:01:03.813,"['도깨비가 된단다\n', '\n']"
4,00:01:09.110,"['[의미심장한 효과음]\n', '\n']"
5,00:01:13.073,"['숱한 전장에서\n', '수천의 피를 묻힌 검이\n', '\n']"
6,00:01:16.534,"['[하늘이 콰르릉거린다]\n', '\n']"
7,00:01:18.078,"['제 주인의 피까지 묻혔으니\n', '오죽했을까?\n', '\n']"
8,00:01:25.502,"['[몽환적인 음악]\n', '\n']"
9,00:01:37.305,"['[타이어 마찰음]\n', '오직 도깨비 신부만이\n', '\n']"
10,00:01:40.600,"['그 검을 뽑을 것이다\n', '\n']"
11,00:01:44.020,"['검을 뽑으면 무로 돌아가 평안하리라\n', '\n']"
12,00:01:58.284,"['(삼신)\n', '고약한 신탁이 아닐 수 없었지\n', '\n']"
13,00:02:03.373,"['그렇게 불멸로 다시 깨어난 도깨비는\n', '\n']"
14,00:02:07.001,"['이 세상 어디에나 있고\n', '어디에도 없으며\n', '\n']"
15,00:02:10.672,"['지금도 어딘가...\n', '\n']"
16,00:02:11.714,"['[웃음]\n', '\n']"
17,00:02:15.218,"['왜 웃고 지랄이야, 이 썩을 것이\n', '\n']"
18,00:02:18.555,"['(연희)\n', ""'지금도 어디에선가\n"", ""신부를 찾고 있는데'\n"", '\n']"
19,00:02:21.474,"[""'그 신부가 바로 나다' 그러려고?\n"", '\n']"
20,00:02:24.018,"['[웃음]\n', '\n']"
21,00:02:25.937,"['내 이래 봬도\n', '소싯적에 남자 여럿 울렸다\n', '\n']"
22,00:02:29.315,"['(연희)\n', '치\n', '\n']"
23,00:02:30.316,"['괜히 다음에 왔다\n', '이 할망구 어디 갔나 놀라지나 말아\n', '\n']"
24,00:02:33.111,"['음, 부럽다\n', '\n']"
25,00:02:36.698,"['(삼신)\n', '내가 노망이지\n', '\n']"
26,00:02:38.449,"['미혼모 앞에서 할 자랑이 아닌데\n', '\n']"
27,00:02:42.370,"['치, 못됐어\n', '\n']"
28,00:02:44.831,"['(삼신)\n', '시금칫값 깎아 줘, 배춧값 깎아 줘\n', '\n']"
29,00:02:46.958,"['내가 뭐가 못됐어?\n', '\n']"
30,00:02:49.002,"['너 버리고 도망간 그 새끼가 못됐지\n', '\n']"
31,00:02:52.130,"['[삼신의 못마땅한 숨소리]\n', '\n']"
32,00:02:53.965,"['그건 또 그렇네\n', '\n']"
33,00:02:55.383,"['[살짝 웃는다]\n', '\n']"
34,00:02:57.135,"['근데 그 얘기 너무 슬프다\n', '\n']"
35,00:02:59.012,"['(삼신)\n', '[코웃음 치며]\n', '슬플 것도 쌨다\n', '\n']"
36,00:03:01.347,"['지독히 낭만적인 저주잖아요\n', '\n']"
37,00:03:04.225,"['죽기 위해 신부를 찾아야 한다는 게\n', '\n']"
38,00:03:08.563,"['(연희)\n', '신 못됐다\n', '\n']"
39,00:03:10.023,"['(삼신)\n', '신은 원래 못됐어\n', '\n']"
40,00:03:12.442,"['이기적이고 질투 많고\n', '\n']"
41,00:03:15.695,"['자기만 알아, 자기만\n', '\n']"
42,00:03:19.824,"['어떤 놈이랑 똑같네\n', '\n']"
43,00:03:23.077,"['(연희)\n', '아휴, 그만 갈게요, 많이 파세요\n', '\n']"
44,00:03:26.414,"['다음에 왔을 때도 꼭 계시고\n', '\n']"
45,00:03:28.625,"['[웃음]\n', '\n']"
46,00:03:29.709,"['[연희가 봉지를 바스락 집어 든다]\n', '\n']"
47,00:03:31.002,"['[의미심장한 음악]\n', '[삼신의 힘주는 신음]\n', '\n']"
48,00:03:35.048,"['생사를 오가는 순간이 오면\n', '\n']"
49,00:03:38.051,"['염원을 담아 간절히 빌어\n', '\n']"
50,00:03:41.012,"['[사람들이 재잘거린다]\n', '\n']"
51,00:03:42.138,"['(삼신)\n', '혹여 어느 마음 약한 신이\n', '듣고 있을지도 모르니\n', '\n']"
52,00:03:46.517,"['[새가 지저귄다]\n', '\n']"
53,00:04:01.783,"['[문이 달칵 닫힌다]\n', '\n']"
54,00:04:04.869,"['(김신)\n', '나라면 추천하지 않겠어\n', '\n']"
55,00:04:06.829,"['지금 집을 나가면\n', '지금보다 더 못한 삶을 살게 돼\n', '\n']"
56,00:04:09.999,"['다시는 엄마를 못 보게 될 거고\n', '\n']"
57,00:04:11.376,"['당신 뭐야? 한국 사람이야?\n', '\n']"
58,00:04:13.503,"['보다 복잡한 사람이야\n', '\n']"
59,00:04:15.171,"['(김신)\n', '이제 네 차례야\n', '\n']"
60,00:04:17.131,"['또박또박 얘기해\n', '\n']"
61,00:04:19.008,"['[밝은 음악]\n', '\n']"
62,00:04:20.551,"['입양했으니 당신은 내 아빠라고\n', '\n']"
63,00:04:22.804,"['그러니 날 잘 키우라고\n', '\n']"
64,00:04:24.597,"['엄마한테도 얘기해\n', '도와달라고, 아프다고\n', '\n']"
65,00:04:27.850,"['(아이1)\n', '무슨 개소리야? 비켜\n', '\n']"
66,00:04:30.228,"['그렇게 그어서는 죽지는 않고\n', '손만 못 쓰게 되니까 참고하고\n', '\n']"
67,00:04:34.565,"['당신 누구야?\n', '\n']"
68,00:04:35.566,"['눈 피하지 말고 또박또박\n', '할 수 있어?\n', '\n']"
69,00:04:38.695,"['그러다 맞아 죽으면\n', '당신이 책임질 거야?\n', '\n']"
70,00:04:42.031,"['그래서 갈비뼈 부러뜨려 줬잖아\n', '\n']"
71,00:04:43.825,"['(남자1)\n', '[영어]\n', '너 이 자식!\n', '\n']"
72,00:04:46.494,"['[남자1의 놀라는 신음]\n', '[남자1이 털썩 넘어진다]\n', '\n']"
73,00:04:49.580,"['[남자1의 힘겨운 신음]\n', '\n']"
74,00:04:53.710,"['(김신)\n', '[한국어]\n', '이건 도시락, 얘기 끝나면 학교 가\n', '\n']"
75,00:04:55.920,"['수학 문제 17번 답은 2가 아니라 4야\n', '\n']"
76,00:04:58.006,"['[남자1의 힘겨운 신음]\n', '그거 하나 틀리길래\n', '\n']"
77,00:04:59.674,"['당신 대체 누구야?\n', '\n']"
78,00:05:03.469,"['[김신이 아이1의 어깨를 툭 친다]\n', '\n']"
79,00:05:13.896,"['[천둥이 콰르릉 친다]\n', '\n']"
80,00:05:17.984,"['(김신)\n', '그는 물이고 불이고 바람이며\n', '\n']"
81,00:05:22.697,"['[무거운 음악]\n', '빛이자 어둠이다\n', '\n']"
82,00:05:26.075,"['그리고 한때\n', '\n']"
83,00:05:27.118,"['[날카로운 효과음]\n', '\n']"
84,00:05:29.078,"['[김신의 힘겨운 신음]\n', '\n']"
85,00:05:31.581,"['[김신의 거친 숨소리]\n', '\n']"
86,00:05:34.625,"['인간이었다\n', '\n']"
87,00:05:36.961,"['[소란스럽게 싸운다]\n', '\n']"
88,00:05:41.174,"['[거친 숨소리]\n', '\n']"
89,00:05:44.552,"['[전장이 소란스럽다]\n', '[말 울음]\n', '\n']"
90,00:05:51.642,"['[말 울음]\n', '\n']"
91,00:05:55.188,"['[김신의 힘주는 신음]\n', '\n']"
92,00:05:59.942,"['[말발굽 소리가 들려온다]\n', '\n']"
93,00:06:02.653,"['(김신)\n', '백성들은 그를\n', '\n']"
94,00:06:05.281,"['신이라 불렀다\n', '\n']"
95,00:06:12.038,"['시뻘건 피를 뒤집어쓴 채\n', '적을 베고 나아가는\n', '\n']"
96,00:06:19.796,"['[병사들의 함성]\n', '그는 문자 그대로의 무신이었다\n', '\n']"
97,00:06:22.256,"['[긴장되는 음악]\n', '[소란스럽게 싸운다]\n', '\n']"
98,00:06:27.053,"['[적군1의 기합]\n', '\n']"
99,00:06:28.846,"['[적군2의 신음]\n', '\n']"
100,00:06:32.100,"['[말 울음]\n', '[적군3의 기합]\n', '\n']"
101,00:06:34.560,"['[적군3의 신음]\n', '\n']"
102,00:06:36.813,"['[적군4의 기합]\n', '\n']"
103,00:06:38.606,"['[적군4의 신음]\n', '\n']"
104,00:06:49.450,"['[적군5의 기합]\n', '\n']"
105,00:06:52.995,"['[적군5의 신음]\n', '\n']"
106,00:06:56.499,"['[김신의 힘주는 신음]\n', '\n']"
107,00:06:58.459,"['[말 울음]\n', '\n']"
108,00:07:04.632,"['[말 울음]\n', '[김신의 신음]\n', '\n']"
109,00:07:06.551,"['[적군6의 기합]\n', '[김신의 기합]\n', '\n']"
110,00:07:08.052,"['[적군6의 신음]\n', '\n']"
111,00:07:11.097,"['[적군7의 기합]\n', '[김신의 힘주는 신음]\n', '\n']"
112,00:07:12.807,"['[적군7의 신음]\n', '\n']"
113,00:07:17.812,"['[김신의 힘주는 신음]\n', '\n']"
114,00:07:24.986,"['[긴장되는 효과음]\n', '[비장한 음악]\n', '\n']"
115,00:07:27.697,"['[김신의 힘주는 신음]\n', '\n']"
116,00:07:40.084,"['[소란스럽게 싸운다]\n', '\n']"
117,00:07:59.061,"['[김신의 기합]\n', '[말 울음]\n', '\n']"
118,00:08:04.901,"['[적장의 다급한 신음]\n', '\n']"
119,00:08:09.530,"['[바람이 휭 분다]\n', '\n']"
120,00:08:16.913,"['[긴장되는 효과음]\n', '\n']"
121,00:08:20.249,"['[털썩 쓰러지는 소리가 들린다]\n', '\n']"
122,00:08:28.299,"['[웅장한 음악]\n', '\n']"
123,00:08:31.344,"['(백성들)\n', '김신 장군 만세!\n', '\n']"
124,00:08:34.055,"['[백성들의 환호]\n', '\n']"
125,00:08:39.560,"['(백성1)\n', '상장군 만세!\n', '\n']"
126,00:08:41.604,"['(백성들)\n', '상장군 만세!\n', '\n']"
127,00:08:44.815,"['[백성들의 환호]\n', '\n']"
128,00:08:56.077,"['(부하)\n', '문을 열어라!\n', '\n']"
129,00:08:57.828,"['개선장군 김신 장군이시다!\n', '\n']"
130,00:09:00.790,"['[부하의 웃음]\n', '\n']"
131,00:09:01.791,"['김신은 군장을 풀고 어명을 받들라\n', '\n']"
132,00:09:07.129,"['(부하)\n', '네 이놈!\n', '\n']"
133,00:09:09.006,"['다시 지껄여 보아라\n', '\n']"
134,00:09:10.424,"['정칠품 별장 놈이\n', '\n']"
135,00:09:12.260,"['감히 상장군의 존명을...\n', '\n']"
136,00:09:13.636,"['귀환군의 반주 김신은!\n', '\n']"
137,00:09:15.263,"['[긴장되는 음악]\n', '\n']"
138,00:09:16.222,"['- (군사1) 군장을 풀고\n', '- (부하) 정녕...\n', '\n']"
139,00:09:20.101,"['들었다\n', '\n']"
140,00:09:21.727,"['기다려라\n', '\n']"
141,00:09:36.409,"['되었느냐?\n', '\n']"
142,00:09:38.286,"['대역죄인 김신은\n', '\n']"
143,00:09:39.996,"['(군사1)\n', '검을 물고 무릎을 꿇고 어명을 받들라\n', '\n']"
144,00:09:42.707,"['혀를 뽑아 버릴라!\n', '\n']"
145,00:09:44.625,"['(부하)\n', '대역죄인이라니\n', '\n']"
146,00:09:46.294,"['미쳤느냐? 돌았느냐?\n', '\n']"
147,00:09:51.090,"['[사람들이 웅성거린다]\n', '[부하의 성난 숨소리]\n', '\n']"
148,00:09:58.556,"['장군\n', '\n']"
149,00:09:59.599,"['(군사1)\n', '대역죄인 김신은\n', '검을 물고 무릎을 꿇고...\n', '\n']"
150,00:10:04.061,"['[무거운 음악]\n', '\n']"
151,00:10:06.981,"['폐하를 뵙겠다, 길을 터라\n', '\n']"
152,00:10:09.900,"['- 죄인 김신은...\n', '- 막아서면 반드시 죽을 것이다\n', '\n']"
153,00:10:13.446,"['(김신)\n', '길을 터라\n', '\n']"
154,00:10:15.489,"['[화살이 휙 날아온다]\n', '[병사의 신음]\n', '\n']"
155,00:10:16.574,"['[화살이 빗발친다]\n', '[사람들의 비명]\n', '\n']"
156,00:10:24.165,"['[병사들의 신음]\n', '\n']"
157,00:10:29.211,"['(백성2)\n', '살려 주세요, 살려 주세요\n', '\n']"
158,00:10:33.174,"['(백성2)\n', '살려 주세요\n', '\n']"
159,00:10:34.634,"['[백성들의 비명]\n', '\n']"
160,00:10:35.801,"['[부하가 소리친다]\n', '\n']"
161,00:10:37.136,"['(부하)\n', '네 이놈들!\n', '\n']"
162,00:10:39.013,"['오직 주군의 이름으로\n', '사흘 밤낮을 싸웠다\n', '\n']"
163,00:10:42.725,"['그 생지옥에서\n', '살아 돌아오는 길이란 말이다\n', '\n']"
164,00:10:45.936,"['한데 네놈들이, 감히 네놈들이!\n', '\n']"
165,00:10:50.274,"['(중헌)\n', '성문을 열어라!\n', '\n']"
166,00:11:00.034,"['[성문이 탁 열린다]\n', '\n']"
167,00:11:01.118,"['이들 곁을 지켜라\n', '\n']"
168,00:11:04.163,"['금방 다녀오마\n', '\n']"
169,00:11:38.823,"['백성 위의 왕, 왕 위의 신\n', '\n']"
170,00:11:42.660,"['그 신이 김신을 일컫는다 합니다\n', '\n']"
171,00:11:48.666,"['[무거운 음악]\n', '\n']"
172,00:11:53.504,"['(중헌)\n', '저자의 끝없는 승전보가\n', '백성을 현혹하고\n', '\n']"
173,00:11:56.757,"['저자의 권세가 거듭 왕실을 조롱하니\n', '\n']"
174,00:12:00.261,"['국법으로 엄히 다스리시옵소서\n', '\n']"
175,00:12:07.476,"['(김신)\n', '그는 적의 칼날은 정확하게 보았지만\n', '\n']"
176,00:12:12.189,"['자신을 향한 어린 왕의\n', '질투와 두려움은 보지 못했다\n', '\n']"
177,00:12:18.696,"['그것이\n', '\n']"
178,00:12:21.449,"['자신에게 겨눠진\n', '가장 날카로운 칼날이었음을\n', '\n']"
179,00:12:27.705,"['그는 알지 못했다\n', '\n']"
180,00:12:36.964,"['정녕 이렇게까지 하시는 겁니까?\n', '\n']"
181,00:12:39.008,"['(어린 왕여)\n', '그러니 더는 오지 마라, 멈추어라\n', '\n']"
182,00:12:42.136,"['그게 뭐든 멈추어라\n', '\n']"
183,00:12:45.181,"['그 자리에 멈춰 역적으로 죽어라\n', '\n']"
184,00:12:47.349,"['그럼 너를 뺀 모두를 살릴 것이다\n', '\n']"
185,00:12:49.727,"['하나 단 한 걸음이라도 더 다가온다면\n', '\n']"
186,00:12:52.897,"['네놈의 걸음 하나, 시선 한 번에\n', '\n']"
187,00:12:54.899,"['모두를 죽여\n', '네놈 발치에 깔아 줄 것이다\n', '\n']"
188,00:12:58.861,"['[한숨]\n', '\n']"
189,00:13:01.280,"['가세요, 장군\n', '\n']"
190,00:13:05.826,"['저는\n', '\n']"
191,00:13:08.704,"['괜찮습니다\n', '\n']"
192,00:13:12.416,"['저는\n', '\n']"
193,00:13:16.128,"['- 마마, 저는...\n', '- 압니다\n', '\n']"
194,00:13:20.132,"['진정 다 압니다\n', '\n']"
195,00:13:22.760,"['혹여 이게 마지막이면\n', '이 또한 제 운명인 겁니다\n', '\n']"
196,00:13:29.225,"['그러니 가세요\n', '\n']"
197,00:13:31.060,"['(김선)\n', '멈추지 말고 폐하께 가세요, 장군\n', '\n']"
198,00:13:58.420,"['역모다\n', '\n']"
199,00:13:59.463,"['(어린 왕여)\n', '저 집안의 그 누구의 숨도\n', '붙여 두지 말라\n', '\n']"
200,00:14:01.799,"['어명이다!\n', '\n']"
201,00:14:02.967,"['[화살이 휙 날아온다]\n', '\n']"
202,00:14:13.143,"['[김선이 털썩 쓰러진다]\n', '\n']"
203,00:14:32.162,"['[군사들이 칼로 쓱 벤다]\n', '\n']"
204,00:14:49.930,"['(중헌)\n', '멈추어라!\n', '\n']"
205,00:14:55.477,"['뭣들 하느냐, 죄인을 꿇려라!\n', '\n']"
206,00:14:59.273,"['[군사2의 기합]\n', '[날카로운 효과음]\n', '\n']"
207,00:15:00.399,"['[긴장되는 음악]\n', '\n']"
208,00:15:01.942,"['[김신의 신음]\n', '\n']"
209,00:15:05.195,"['[거친 숨소리]\n', '\n']"
210,00:15:07.615,"['[부하의 다급한 숨소리]\n', '\n']"
211,00:15:08.741,"['(부하)\n', '장군!\n', '\n']"
212,00:15:10.409,"['[부하의 가쁜 숨소리]\n', '\n']"
213,00:15:14.997,"['폐하, 어찌 이러십니까?\n', '\n']"
214,00:15:18.250,"['하늘이 두렵지 않으십니까!\n', '\n']"
215,00:15:21.003,"['하늘이 언제 네놈들 편을 들겠다더냐?\n', '\n']"
216,00:15:24.882,"['(중헌)\n', '죄인의 눈빛이 형형하니\n', '어심이 어지럽다\n', '\n']"
217,00:15:28.636,"['반드시 참하라!\n', '\n']"
218,00:15:32.514,"['[군사2의 기합]\n', '\n']"
219,00:15:34.183,"['[군사2의 신음]\n', '\n']"
220,00:15:40.564,"['그대의 일이 아니다\n', '\n']"
221,00:15:42.358,"['(부하)\n', '장군, 장군, 장군, 장군\n', '\n']"
222,00:15:45.736,"['[부하의 가쁜 숨소리]\n', '\n']"
223,00:15:48.822,"['마지막을\n', '\n']"
224,00:15:51.492,"['자네에게 부탁하고 싶은데\n', '\n']"
225,00:15:53.869,"['[부하의 놀라는 숨소리]\n', '\n']"
226,00:15:55.204,"['[부하의 울먹이는 신음]\n', '\n']"
227,00:16:05.506,"['[무거운 음악]\n', '[부하가 흐느낀다]\n', '\n']"
228,00:16:11.136,"['[울먹이며]\n', '상장군의 명을 받듭니다\n', '\n']"
229,00:16:17.434,"['[부하가 계속 흐느낀다]\n', '\n']"
230,00:16:24.858,"['용서하십시오\n', '\n']"
231,00:16:27.236,"['[부하의 떨리는 숨소리]\n', '\n']"
232,00:16:29.488,"['(부하)\n', '곧 따라가 뵙겠습니다\n', '\n']"
233,00:16:33.617,"['[부하의 기합]\n', '[부하가 칼로 푹 찌른다]\n', '\n']"
234,00:16:35.577,"['[김신의 힘겨운 신음]\n', '\n']"
235,00:16:36.578,"['[부하의 울음]\n', '\n']"
236,00:16:46.839,"['[군사2의 기합]\n', '[군사2가 칼로 쓱 벤다]\n', '\n']"
237,00:16:52.845,"['(중헌)\n', '그 누구도 반역 죄인의 시신을\n', '수습하지 말라\n', '\n']"
238,00:16:57.224,"['들판에 버려두어\n', '들짐승과 날짐승의 먹이로 두라\n', '\n']"
239,00:17:00.769,"['[애잔한 음악]\n', '[흐느낀다]\n', '\n']"
240,00:17:01.854,"['금수의 허기를 달래는\n', '\n']"
241,00:17:04.606,"['딱 그 정도가 저자의 가치다\n', '\n']"
242,00:17:09.403,"['어명이다!\n', '\n']"
243,00:17:13.449,"['[무거운 효과음]\n', '\n']"
244,00:17:58.994,"['[사람들이 울부짖는다]\n', '\n']"
245,00:18:01.997,"['(남자2)\n', '천신님, 우리 장군님, 우리 장군님...\n', '\n']"
246,00:18:05.667,"['[사람들이 흐느낀다]\n', '\n']"
247,00:18:08.504,"['[남자2가 신께 빈다]\n', '\n']"
248,00:18:09.797,"['[까마귀가 깍깍 운다]\n', '\n']"
249,00:18:19.640,"['[사람들이 울부짖는다]\n', '\n']"
250,00:18:29.733,"['(김신)\n', '그 누구에게도 빌지 마라\n', '\n']"
251,00:18:34.404,"['신은 듣고 있지 않으니\n', '\n']"
252,00:18:38.951,"['하루 중 가장 화창한 오시\n', '\n']"
253,00:18:44.748,"['그는 자신이 지키던\n', '주군의 칼날에 죽었다\n', '\n']"
254,00:18:50.921,"['[피가 뚝뚝 떨어진다]\n', '\n']"
255,00:18:58.554,"['[긴장되는 효과음]\n', '\n']"
256,00:19:28.792,"['[발걸음 소리가 울린다]\n', '\n']"
257,00:19:32.087,"['[흥미진진한 음악]\n', '\n']"
258,00:19:33.797,"['[새들이 푸드덕거린다]\n', '\n']"
259,00:19:49.563,"['[의미심장한 효과음]\n', '\n']"
260,00:19:51.899,"['[의미심장한 효과음]\n', '\n']"
261,00:19:55.235,"['[의미심장한 효과음]\n', '\n']"
262,00:20:05.662,"['[타이어 마찰음]\n', '\n']"
263,00:20:17.257,"['아이씨, 이런 미친 새끼가, 씨\n', '\n']"
264,00:20:20.761,"['(남자3)\n', '아이, 눈깔은 장식이냐? 씨\n', '\n']"
265,00:20:23.347,"['뒈지려고, 씨...\n', '\n']"
266,00:20:26.266,"['[의미심장한 음악]\n', '\n']"
267,00:20:27.935,"['(남자3)\n', '너 이 새끼\n', '\n']"
268,00:20:30.270,"['뭐야?\n', '\n']"
269,00:20:36.235,"['멧돼지\n', '\n']"
270,00:20:41.031,"['뭐?\n', '\n']"
271,00:20:46.828,"['너는 멧돼지를 받은 것이다\n', '\n']"
272,00:20:57.881,"['[신비로운 효과음]\n', '\n']"
273,00:20:59.174,"['[타이어 마찰음]\n', '\n']"
274,00:21:05.764,"['괜찮으세요? 신고해 드릴까요?\n', '\n']"
275,00:21:09.893,"['제가요, 멧돼지를 쳐 가지고요\n', '\n']"
276,00:21:13.188,"['(남자3)\n', '그러니까 갑자기\n', '멧돼지가 튀어나와 가지고\n', '\n']"
277,00:21:16.483,"['멧, 멧돼지요? 강, 강남 한복판에?\n', '\n']"
278,00:21:18.568,"['[사람들의 비명]\n', '\n']"
279,00:21:21.280,"['[긴장되는 효과음]\n', '[남자4의 놀라는 신음]\n', '\n']"
280,00:21:22.447,"['[남자4가 횡설수설한다]\n', '\n']"
281,00:21:24.533,"['[사람들이 웅성거린다]\n', '\n']"
282,00:21:27.327,"['(남자5)\n', '여보세요, 네, 거기 112죠?\n', '여기 역삼 사거리인데요\n', '\n']"
283,00:21:31.039,"['트렁크에 여자가\n', '죽, 죽은 것 같아요, 예\n', '\n']"
284,00:21:33.542,"['모르겠어요, 지금 움직임이 없어요, 예\n', '[여자의 놀라는 숨소리]\n', '\n']"
285,00:21:35.460,"['[여자의 비명]\n', '[차분한 음악]\n', '\n']"
286,00:21:36.461,"['정확한 건 모르겠어요\n', '그냥 교통사고 나 가지고 그런 건지\n', '[여자의 떨리는 신음]\n', '\n']"
287,00:21:39.339,"['상황을 정확하게 모르겠어요\n', '빨리 와 주셔야 될 것 같아요, 네\n', '\n']"
288,00:21:42.467,"['(여자)\n', '내가 왜...\n', '[남자5가 통화한다]\n', '\n']"
289,00:21:45.137,"['내가 왜 저기...\n', '[떨리는 숨소리]\n', '\n']"
290,00:21:47.222,"['(저승사자)\n', '황미영, 25세\n', '\n']"
291,00:21:49.975,"['계축년 정사월 을사일 신사시 출생\n', '\n']"
292,00:21:53.729,"['무인년 을묘월 기묘일\n', '08시 32분 사망\n', '\n']"
293,00:21:58.984,"['사인, 질식사\n', '\n']"
294,00:22:05.490,"['본인 맞으시죠?\n', '\n']"
295,00:22:12.039,"['[저승사자가 다기를 달그락거린다]\n', '\n']"
296,00:22:29.681,"['마셔요\n', '\n']"
297,00:22:31.141,"['이승의 기억을 잊게 해 줍니다\n', '\n']"
298,00:22:46.323,"['안 마시면\n', '\n']"
299,00:22:49.576,"['어떻게 되는데요?\n', '\n']"
300,00:22:51.578,"['안 마신 걸 후회하게 되겠죠\n', '\n']"
301,00:22:54.539,"['어떤 후회든 부디 이승에서만 하시길\n', '\n']"
302,00:23:01.880,"['[풍경이 울린다]\n', '\n']"
303,00:23:21.691,"['[신비로운 음악]\n', '\n']"
304,00:23:32.869,"['[새가 지저귄다]\n', '\n']"
305,00:23:53.932,"['도깨비?\n', '\n']"
306,00:23:56.393,"['저승사자?\n', '\n']"
307,00:24:01.690,"['매우 상스러운 갓을 썼군\n', '\n']"
308,00:24:22.419,"['[잔잔한 음악]\n', '\n']"
309,00:24:58.580,"['(유 회장)\n', '나리\n', '\n']"
310,00:25:07.839,"['20년 만에 뵙습니다\n', '\n']"
311,00:25:10.884,"['그간 무고하셨사옵니까?\n', '\n']"
312,00:25:14.554,"['그대도 무탈하였는가?\n', '\n']"
313,00:25:16.973,"['전 많이 늙었지요\n', '\n']"
314,00:25:20.560,"['(유 회장)\n', '나리는 여전히 멋지십니다\n', '\n']"
315,00:25:23.480,"['[유 회장의 웃음]\n', '\n']"
316,00:25:25.607,"['별로 안 멋진데?\n', '\n']"
317,00:25:28.193,"['씁, 이놈\n', '\n']"
318,00:25:30.779,"['(유 회장)\n', '서신으로 아뢰었듯 그 손주 놈입니다\n', '\n']"
319,00:25:34.658,"['인사 올리거라\n', '\n']"
320,00:25:36.826,"['이 아저씨 누군데?\n', '\n']"
321,00:25:39.037,"['네가 덕화구나\n', '\n']"
322,00:25:40.872,"['(김신)\n', '나는 그대의 삼촌이었다가 형제였다가\n', '\n']"
323,00:25:43.750,"['아들이었다가 손자가 될 사람이다\n', '\n']"
324,00:25:49.881,"['잘 부탁한다\n', '\n']"
325,00:25:52.300,"['그게 뭐야?\n', '\n']"
326,00:25:53.635,"['[익살스러운 음악]\n', '점점 수상해\n', '\n']"
327,00:25:55.387,"['(유 회장)\n', '이놈!\n', '\n']"
328,00:25:57.514,"['아이고, 송구합니다\n', '\n']"
329,00:26:00.350,"['4대 독자라 오냐오냐했더니만\n', '\n']"
330,00:26:06.189,"['[밝은 음악]\n', '\n']"
331,00:26:08.358,"['한데 넌...\n', '\n']"
332,00:26:10.110,"['나? 왜?\n', '\n']"
333,00:26:13.280,"['고려에서 태어나\n', '이국땅에 잠든 이가 있었다\n', '\n']"
334,00:26:18.201,"['그대의 먼 조상이다\n', '\n']"
335,00:26:21.538,"['그 아이와 꼭 닮았구나\n', '\n']"
336,00:26:23.081,"['(어린 덕화)\n', '어디가?\n', '\n']"
337,00:26:24.624,"['그 조상 잘생겼어?\n', '\n']"
338,00:26:27.043,"['(유 회장)\n', '씁, 이놈아\n', '\n']"
339,00:26:29.838,"['어디서 이런 놈이 태어났는지\n', '면목 없습니다, 나리\n', '\n']"
340,00:26:34.551,"['(김신)\n', '괘념치 말아라\n', '\n']"
341,00:26:36.344,"['그대 가문의 그 누구도\n', '실망스러웠던 적 없으니\n', '\n']"
342,00:26:38.805,"['근데 삼촌\n', '\n']"
343,00:26:40.348,"['왜 자꾸 우리 할아버지한테 반말해?\n', '\n']"
344,00:26:43.351,"['죽을래?\n', '\n']"
345,00:26:44.436,"['(유 회장)\n', '이놈아!\n', '\n']"
346,00:26:45.520,"['[김신이 피식한다]\n', '아이고\n', '\n']"
347,00:26:48.023,"['(남자2)\n', '[울먹이며]\n', '나리\n', '\n']"
348,00:26:54.904,"['너무나 늦게 와 송구합니다\n', '\n']"
349,00:27:00.368,"['소인 몇 해 앓았습니다\n', '\n']"
350,00:27:05.749,"['[힘겨운 숨소리]\n', '\n']"
351,00:27:09.002,"['저는 이제\n', '\n']"
352,00:27:13.506,"['갈 모양입니다\n', '\n']"
353,00:27:16.426,"['이제부터는\n', '\n']"
354,00:27:19.095,"['이 아이가 나리를 뫼실 것입니다\n', '\n']"
355,00:27:25.185,"['손주 놈입니다\n', '\n']"
356,00:27:27.604,"['이 칼이 나리예요, 할아버지?\n', '\n']"
357,00:27:31.441,"['[긴장되는 음악]\n', '\n']"
358,00:27:37.072,"['[천둥이 콰르릉 친다]\n', '\n']"
359,00:27:39.366,"['[천둥이 콰르릉 친다]\n', '\n']"
360,00:27:40.533,"['(신)\n', '너의 백성의 염원이 널 살리는구나\n', '\n']"
361,00:27:45.580,"['[천둥이 콰르릉 친다]\n', '[의미심장한 음악]\n', '\n']"
362,00:27:50.085,"['(신)\n', '하나 너의 검에는 수천의 피가 묻었다\n', '\n']"
363,00:27:56.716,"['너에게는 적이었으나\n', '\n']"
364,00:27:58.635,"['그 또한 신의 피조물\n', '[병사들의 함성]\n', '\n']"
365,00:28:02.097,"['홀로 불멸을 살며\n', '\n']"
366,00:28:04.391,"['사랑하는 이들의 죽음을 지켜보아라\n', '\n']"
367,00:28:07.560,"['그 어떤 죽음도 잊히지 않으리라\n', '\n']"
368,00:28:12.857,"['내가 내리는 상이자\n', '그대가 받는 벌이다\n', '\n']"
369,00:28:23.076,"['오직 도깨비 신부만이\n', '그 검을 뽑을 것이다\n', '\n']"
370,00:28:28.832,"['검을 뽑으면\n', '\n']"
371,00:28:30.542,"['무로 돌아가 평안하리라\n', '\n']"
372,00:28:33.044,"['[천둥이 콰르릉 친다]\n', '\n']"
373,00:28:39.426,"['(남자2)\n', '나리\n', '\n']"
374,00:28:44.055,"['다녀올 곳이 있다\n', '\n']"
375,00:28:53.523,"['[중헌이 속삭인다]\n', '\n']"
376,00:29:00.447,"['[무거운 음악]\n', '무엄하다!\n', '\n']"
377,00:29:01.865,"['(신하)\n', '대관절 뭐 하는 자인데\n', '\n']"
378,00:29:03.324,"['이리도 불경스러운 기운을\n', '내뿜는 것이야!\n', '\n']"
379,00:29:07.662,"['어허, 이놈이 그래도...\n', '\n']"
380,00:29:12.542,"['[신하가 털썩 떨어진다]\n', '\n']"
381,00:29:18.548,"['너, 너는...\n', '\n']"
382,00:29:21.468,"['[우두둑 소리가 난다]\n', '[중헌의 힘겨운 신음]\n', '\n']"
383,00:29:26.514,"['[힘겨운 신음]\n', '\n']"
384,00:29:45.533,"['내가\n', '\n']"
385,00:29:49.329,"['늦었구나\n', '\n']"
386,00:29:51.998,"['[애잔한 음악]\n', '\n']"
387,00:29:56.169,"['[아이2의 울음]\n', '\n']"
388,00:29:59.214,"['(아이2)\n', '[흐느끼며]\n', '할아버지\n', '\n']"
389,00:30:05.887,"['할아버지\n', '\n']"
390,00:30:09.849,"['[아이2가 서럽게 운다]\n', '\n']"
391,00:30:19.025,"['[아이2가 훌쩍인다]\n', '\n']"
392,00:30:27.200,"['(김신)\n', '자네가\n', '\n']"
393,00:30:32.121,"['내가 받는 첫 번째 벌인 모양이다\n', '\n']"
394,00:30:37.126,"['절\n', '\n']"
395,00:30:39.295,"['(아이2)\n', '받으십시오\n', '\n']"
396,00:30:52.725,"['이제부터\n', '\n']"
397,00:30:54.561,"['제가 모시겠습니다\n', '\n']"
398,00:30:57.814,"['할아버지 유언이셨습니다\n', '\n']"
399,00:31:02.569,"['복수에 눈이 멀어\n', '\n']"
400,00:31:07.240,"['어찌 지냈느냐\n', '안부 한마디 건네지 못하였다\n', '\n']"
401,00:31:13.204,"['그래도\n', '\n']"
402,00:31:17.709,"['그리해 주겠느냐?\n', '\n']"
403,00:31:46.613,"['[파도가 철썩인다]\n', '\n']"
404,00:32:01.377,"['속도 없이 이런 풍경을 보니 좋습니다\n', '\n']"
405,00:32:06.716,"['나는 네가 속도 없이\n', '이런 풍경을 보는 게 좋다\n', '\n']"
406,00:32:15.600,"['[사람들이 쩝쩝거린다]\n', '\n']"
407,00:32:19.312,"['[선원1의 만족스러운 신음]\n', '\n']"
408,00:32:23.107,"['[쩝쩝거린다]\n', '\n']"
409,00:32:28.738,"['(김신)\n', '자\n', '\n']"
410,00:32:35.453,"['전 아직 배가 부르니 나리 드십시오\n', '\n']"
411,00:32:41.209,"['먹은 게 없는데 어찌 배가 부를까?\n', '\n']"
412,00:32:43.419,"['(아이2)\n', '저는 작아서 조금만 먹어도\n', '배가 부릅니다\n', '\n']"
413,00:32:47.215,"['나리는 크시니 나리 드십시오\n', '\n']"
414,00:32:52.762,"['(김신)\n', '그럼 이러면 되겠구나\n', '\n']"
415,00:32:54.973,"['육지까지 멀었습니다\n', '\n']"
416,00:32:57.475,"['(아이2)\n', '나눠 먹어서는\n', '누구도 배부르지 않습니다\n', '\n']"
417,00:33:01.062,"['[잔잔한 음악]\n', '그래서 네가 굶겠다는 말이냐?\n', '\n']"
418,00:33:03.564,"['(아이2)\n', '정 배고프면 저는 뱃일을 하고\n', '조금 얻어먹으면 됩니다\n', '\n']"
419,00:33:09.028,"['널 얻어먹게 하려고\n', '데리고 온 줄 아느냐?\n', '\n']"
420,00:33:12.156,"['날 믿어라\n', '\n']"
421,00:33:14.409,"['난 네가 생각하는 것보다 더\n', '큰사람일지도 모르니\n', '\n']"
422,00:33:19.122,"['(김신)\n', '어서\n', '\n']"
423,00:33:32.927,"['[반짝이는 효과음]\n', '\n']"
424,00:33:36.222,"['(아이2)\n', '우아\n', '\n']"
425,00:33:37.432,"['[신비로운 음악]\n', '[아이2의 놀라는 신음]\n', '\n']"
426,00:33:42.270,"['우아\n', '\n']"
427,00:33:44.981,"['[아이2의 박수]\n', '[다가오는 발걸음]\n', '\n']"
428,00:33:46.649,"['[아이2의 감탄]\n', '\n']"
429,00:33:48.609,"['[긴장되는 음악]\n', '[아이2의 놀라는 신음]\n', '\n']"
430,00:33:52.405,"['[아이2의 힘겨운 신음]\n', '\n']"
431,00:33:53.573,"['(아이2)\n', '나리\n', '\n']"
432,00:33:55.575,"['나리...\n', '\n']"
433,00:33:56.617,"['[아이2의 힘겨운 신음]\n', '\n']"
434,00:33:58.911,"['(선원2)\n', '그 보따리 좀 봐도 될까?\n', '\n']"
435,00:34:00.496,"['배의 무게를 줄여야 해서 말이야\n', '\n']"
436,00:34:02.540,"['[선원들의 웃음]\n', '\n']"
437,00:34:04.083,"['(아이2)\n', '[힘겨운 목소리로]\n', '나리\n', '\n']"
438,00:34:05.710,"['나리, 나리\n', '\n']"
439,00:34:08.129,"['(김신)\n', '어서 아이를 내려놓아라\n', '\n']"
440,00:34:09.922,"['[선원2의 코웃음]\n', '그럼 목숨만은 살려 줄 테니\n', '\n']"
441,00:34:11.924,"['[아이2가 김신을 부른다]\n', '(선원2)\n', '파도가 수상한 게\n', '\n']"
442,00:34:13.342,"['암만 봐도 이 배에\n', '부정한 놈이 탄 것 같거든\n', '[아이2의 힘겨운 신음]\n', '\n']"
443,00:34:16.429,"['바로 네놈, 네놈은 노예로 팔 거니까\n', '팔다리 성하게 두고\n', '\n']"
444,00:34:20.433,"['애는 던져 버려\n', '\n']"
445,00:34:21.726,"['[아이2의 비명]\n', '\n']"
446,00:34:29.609,"['[선원들이 무기를 달그락거린다]\n', '\n']"
447,00:34:37.700,"['인간이 짐승보다 못하면\n', '어찌 되는지 아느냐?\n', '\n']"
448,00:34:41.370,"['[천둥이 콰르릉 친다]\n', '\n']"
449,00:34:43.456,"['[종이 딸랑거린다]\n', '\n']"
450,00:34:46.042,"['[선원들의 놀라는 신음]\n', '\n']"
451,00:34:52.715,"['[선원들의 놀라는 신음]\n', '\n']"
452,00:34:55.051,"['분노한 신을 만나게 되는 것이다\n', '\n']"
453,00:34:57.345,"['[선원들의 비명]\n', '\n']"
454,00:35:00.264,"['[선원들의 놀라는 신음]\n', '\n']"
455,00:35:03.768,"['[선원들의 신음]\n', '\n']"
456,00:35:07.897,"['[선원2의 놀란 신음]\n', '\n']"
457,00:35:09.565,"['(선원2)\n', '[말을 더듬으며]\n', '도깨비다\n', '\n']"
458,00:35:12.276,"['[천둥이 콰르릉 친다]\n', '\n']"
459,00:35:13.945,"['[선원2의 겁먹은 신음]\n', '\n']"
460,00:35:15.738,"['[천둥이 콰르릉 친다]\n', '\n']"
461,00:35:20.660,"['[선원들의 놀란 신음]\n', '\n']"
462,00:35:23.287,"['[선원들의 비명]\n', '\n']"
463,00:35:25.373,"['[끼익거린다]\n', '\n']"
464,00:35:29.961,"['[돛대가 우지끈 부러진다]\n', '\n']"
465,00:35:38.636,"['[선원들의 겁먹은 신음]\n', '\n']"
466,00:35:48.437,"['[천둥이 콰르릉 친다]\n', '\n']"
467,00:35:58.322,"['[선원들의 다급한 신음]\n', '\n']"
468,00:36:07.707,"['[선원3의 비명]\n', '\n']"
469,00:36:12.295,"['[파도가 철썩인다]\n', '\n']"
470,00:36:22.889,"['(선원4)\n', '사, 살려 주세요\n', '\n']"
471,00:36:25.141,"['[천둥이 콰르릉 친다]\n', '\n']"
472,00:36:28.227,"['(김신)\n', '늦었다\n', '\n']"
473,00:36:29.979,"['[신비로운 효과음]\n', '[웅장한 음악]\n', '\n']"
474,00:36:58.257,"['[배가 꾸르륵 침몰한다]\n', '\n']"
475,00:37:08.517,"['[멀리서 자동차 경적이 울린다]\n', '\n']"
476,00:37:12.688,"['[멀리서 사이렌 소리가 들린다]\n', '\n']"
477,00:37:20.571,"['[아기 울음소리가 들린다]\n', '\n']"
478,00:37:25.409,"['[사람들의 환호가 들린다]\n', '\n']"
479,00:37:30.539,"['[사람들의 대화 소리가 들린다]\n', '\n']"
480,00:37:38.714,"['[헛웃음]\n', '\n']"
481,00:37:40.633,"['속도 없이 돌아오니 좋구나\n', '\n']"
482,00:37:51.686,"['[자동차 엔진음이 들린다]\n', '\n']"
483,00:37:53.104,"['[타이어 마찰음이 들린다]\n', '[쾅 부딪히는 소리가 들린다]\n', '\n']"
484,00:37:55.064,"['[털썩 쓰러지는 소리가 들린다]\n', '\n']"
485,00:37:56.315,"['[긴장되는 음악]\n', '\n']"
486,00:38:03.698,"['[자동차 엔진음]\n', '\n']"
487,00:38:12.915,"['[연희의 힘겨운 신음]\n', '\n']"
488,00:38:23.009,"['[흐느끼며]\n', '제발 살려 주세요\n', '\n']"
489,00:38:34.520,"['[연희가 계속 흐느낀다]\n', '\n']"
490,00:38:46.532,"['(연희)\n', '[힘겨운 목소리로]\n', '신이 있다면 제발\n', '\n']"
491,00:38:49.744,"['저 좀 살려 주세요\n', '\n']"
492,00:38:57.501,"['살려 주세요\n', '\n']"
493,00:39:00.004,"['아무나라도 제발요\n', '\n']"
494,00:39:14.226,"['[신비로운 효과음]\n', '\n']"
495,00:39:16.354,"['[신비로운 효과음]\n', '\n']"
496,00:39:17.688,"['[분위기가 고조되는 음악]\n', '\n']"
497,00:39:33.788,"['[힘겨운 목소리로]\n', '누구세요?\n', '\n']"
498,00:39:35.164,"['[힘겨운 숨소리]\n', '\n']"
499,00:39:38.501,"['아무나다\n', '\n']"
500,00:39:40.336,"['하, 제발, 제발 저 좀...\n', '\n']"
501,00:39:44.840,"['[흐느낀다]\n', '\n']"
502,00:39:48.094,"['글쎄\n', '\n']"
503,00:39:50.930,"['인간의 생사에 관여하지 않는 게\n', '내 원칙이라\n', '\n']"
504,00:39:55.476,"['[힘겨운 숨소리]\n', '\n']"
505,00:39:58.354,"['저...\n', '\n']"
506,00:39:59.480,"['[심장 박동 소리가 들린다]\n', '\n']"
507,00:40:01.148,"['(연희)\n', '저 이렇게 죽으면 안 돼요\n', '\n']"
508,00:40:06.278,"['[흐느낀다]\n', '\n']"
509,00:40:09.198,"['네가 살려 달라는 것이 네가 아니구나\n', '\n']"
510,00:40:11.992,"['[연희의 힘겨운 숨소리]\n', '\n']"
511,00:40:14.370,"['제발, 제발...\n', '\n']"
512,00:40:17.790,"['[힘겨운 신음]\n', '\n']"
513,00:40:21.127,"['아이만이라도...\n', '\n']"
514,00:40:22.878,"['[연희의 힘겨운 숨소리]\n', '\n']"
515,00:40:25.840,"['[태아의 심장 박동 소리가 들린다]\n', '\n']"
516,00:40:30.094,"['[힘겨운 숨소리]\n', '\n']"
517,00:40:34.223,"['[숨이 멈춘다]\n', '\n']"
518,00:40:39.728,"['[깊은 한숨]\n', '\n']"
519,00:40:44.191,"['그대는 운이 좋았다\n', '\n']"
520,00:40:47.361,"['마음 약한 신을 만났으니\n', '\n']"
521,00:40:50.239,"['(김신)\n', '오늘 밤은 누가 죽는 걸 보는 게\n', '싫어서 말이다\n', '\n']"
522,00:41:02.042,"['[의미심장한 효과음]\n', '\n']"
523,00:41:13.012,"['[신비로운 효과음]\n', '\n']"
524,00:41:24.648,"['[옅은 신음]\n', '\n']"
525,00:41:27.318,"['[가쁜 숨소리]\n', '\n']"
526,00:41:30.112,"['[거친 숨소리]\n', '\n']"
527,00:41:38.704,"['[발걸음 소리가 울린다]\n', '\n']"
528,00:41:41.957,"['[의미심장한 음악]\n', '\n']"
529,00:42:01.477,"['""지연희, 27세""\n', '\n']"
530,00:42:05.272,"['""무명, 0세""\n', '\n']"
531,00:42:07.858,"['[명부를 바스락거린다]\n', '\n']"
532,00:42:10.528,"['[시계가 째깍거린다]\n', '\n']"
533,00:42:16.825,"['눈과 피와\n', '\n']"
534,00:42:24.458,"['꽃이라\n', '\n']"
535,00:42:26.418,"['[바람이 솨 분다]\n', '\n']"
536,00:42:43.227,"['(귀신1)\n', '도깨비 신부다\n', '\n']"
537,00:42:44.728,"['[귀신들이 수군거린다]\n', '(귀신2)\n', '어머, 도깨비 신부가 태어났어\n', '\n']"
538,00:42:46.397,"['도깨비 신부가 태어났어\n', '\n']"
539,00:42:48.482,"['[귀신들이 계속 수군거린다]\n', '\n']"
540,00:42:56.740,"['[의미심장한 효과음]\n', '\n']"
541,00:43:06.375,"['[갈매기가 끼룩거린다]\n', '\n']"
542,00:43:11.088,"['[의미심장한 효과음]\n', '\n']"
543,00:43:15.134,"['[바람이 휭 분다]\n', '\n']"
544,00:43:22.558,"['(연희)\n', '우리 은탁이\n', '이번 생일에는 떡 뭐 해 줄까?\n', '\n']"
545,00:43:25.769,"['꿀떡? 무지개떡?\n', '\n']"
546,00:43:29.773,"['엄마, 나 이제 잔치 말고\n', '파티하면 안 돼요?\n', '\n']"
547,00:43:33.777,"['(연희)\n', '뭐가 다른데?\n', '\n']"
548,00:43:34.987,"['(어린 은탁)\n', '떡이 케이크로 달라지죠\n', '\n']"
549,00:43:37.239,"['나도 촛불 불고 소원 빌고 싶어요\n', '\n']"
550,00:43:39.867,"['떡에다가 소원 비니까\n', '아무래도 안 듣는 것 같아요\n', '\n']"
551,00:43:43.078,"['[연희의 웃음]\n', '\n']"
552,00:43:45.956,"['엄마가 생각을 못 했어\n', '\n']"
553,00:43:47.666,"['엄마는 너 떡 좋아하니까 떡 했지\n', '\n']"
554,00:43:50.586,"['(연희)\n', '그래, 올해부터는 파티하자\n', '케이크 놓고\n', '\n']"
555,00:43:54.006,"['와, 엄마 최고\n', '\n']"
556,00:43:57.176,"['어? 강아지다\n', '\n']"
557,00:43:58.636,"['응? 강아지?\n', '\n']"
558,00:44:03.766,"['[강아지가 낑낑댄다]\n', '\n']"
559,00:44:11.231,"['(어린 은탁)\n', '이것 봐라\n', '\n']"
560,00:44:12.566,"['[부드러운 음악]\n', '봄이 다시 왔다, 신기하지?\n', '\n']"
561,00:44:21.492,"['[한숨]\n', '\n']"
562,00:44:23.118,"['[풀벌레 울음]\n', '\n']"
563,00:44:31.502,"['(어린 은탁)\n', '아이고, 힘들다\n', '\n']"
564,00:44:32.920,"['엄마, 나 오늘 영어 백 점 맞았어요\n', '\n']"
565,00:44:35.547,"['머리 너무 써서 완전 피곤해요\n', '\n']"
566,00:44:38.592,"['[살짝 웃으며]\n', '그랬어?\n', '\n']"
567,00:44:41.887,"['우아, 케이크다\n', '\n']"
568,00:44:43.555,"['엄마, 우리 지금 파티할 거예요?\n', '\n']"
569,00:44:46.642,"['응, 얼른 와서 앉아, 촛불 켜고\n', '\n']"
570,00:44:51.647,"['내가 켜도 돼요?\n', '\n']"
571,00:44:53.357,"['우리 은탁이 이제 다 커서 할 수 있어\n', '\n']"
572,00:44:55.984,"['맞다, 나 이제 아홉 살이지?\n', '\n']"
573,00:44:58.362,"['(어린 은탁)\n', '영어도 백 점 맞는데\n', '이런 건 식은 죽 먹기지\n', '\n']"
574,00:45:01.323,"['[연희의 웃음]\n', '\n']"
575,00:45:02.574,"['그런 말은 또 어디서 배웠어?\n', '\n']"
576,00:45:04.243,"['(어린 은탁)\n', '엄마는 몰라도 돼요\n', '\n']"
577,00:45:06.662,"['저 그냥 이 사람 저 사람\n', '말 되게 잘 배워요\n', '\n']"
578,00:45:10.207,"['전 아무래도 천재...\n', '\n']"
579,00:45:12.167,"['[의미심장한 효과음]\n', '\n']"
580,00:45:15.754,"['왜? 소원 빌어야지\n', '\n']"
581,00:45:18.924,"['생일 축하한다, 우리 강아지\n', '\n']"
582,00:45:22.094,"['아니구나\n', '\n']"
583,00:45:25.097,"['[애잔한 음악]\n', '\n']"
584,00:45:27.266,"['정말 엄마 아니고 엄마 영혼이구나\n', '\n']"
585,00:45:33.981,"['너\n', '\n']"
586,00:45:36.859,"['정말 다 보이는구나\n', '\n']"
587,00:45:42.698,"['안 그러길 바랐는데, 엄마는\n', '\n']"
588,00:45:47.035,"['[흐느끼며]\n', '엄마, 죽었어요?\n', '\n']"
589,00:45:54.918,"['[떨리는 숨소리]\n', '\n']"
590,00:45:56.253,"['진짜로요?\n', '\n']"
591,00:46:03.969,"['엄마 어디 있어요?\n', '엄마 지금 어디 있는데요?\n', '\n']"
592,00:46:08.640,"['사거리 병원에\n', '\n']"
593,00:46:12.352,"['[의미심장한 효과음]\n', '\n']"
594,00:46:18.734,"['[흐느낀다]\n', '\n']"
595,00:46:21.361,"['병원에서 연락 올 거야\n', '\n']"
596,00:46:23.906,"['가면 이모도 곧 도착할 거고\n', '\n']"
597,00:46:26.325,"['[훌쩍인다]\n', '\n']"
598,00:46:27.534,"['(연희)\n', '밤에는 추워, 목도리 하고\n', '\n']"
599,00:46:30.787,"['슈퍼 할머니한테 같이 가 달라고 하고\n', '\n']"
600,00:46:33.165,"['슈퍼 할머니네 찾아갈 수 있지?\n', '\n']"
601,00:46:36.960,"['세탁소 골목 내려가서 바로 오른쪽\n', '\n']"
602,00:46:41.089,"['[살짝 웃으며]\n', '똑똑해라, 우리 강아지\n', '\n']"
603,00:46:46.803,"['앞으로는 절대 영혼들이랑\n', '눈 마주치지 말고, 알았지?\n', '\n']"
604,00:46:51.225,"['[흐느낀다]\n', '\n']"
605,00:46:52.643,"['미안해, 엄마\n', '\n']"
606,00:46:54.353,"['그런 거 봐서요\n', '\n']"
607,00:46:55.896,"['[어린 은탁이 훌쩍인다]\n', '\n']"
608,00:46:58.106,"['근데 그런 거 볼 수 있어서\n', '\n']"
609,00:47:01.568,"['이렇게 엄마도 볼 수 있는 거니까\n', '\n']"
610,00:47:07.407,"['난 그냥 괜찮아요\n', '\n']"
611,00:47:09.952,"['[울먹이며]\n', '그래\n', '\n']"
612,00:47:13.830,"['이렇게 엄마 봐 줘서\n', '\n']"
613,00:47:18.085,"['고마워\n', '\n']"
614,00:47:21.547,"['(연희)\n', '은탁아\n', '\n']"
615,00:47:23.257,"['[흐느낀다]\n', '\n']"
616,00:47:25.092,"['엄마...\n', '\n']"
617,00:47:27.386,"['엄마 이제 가야 될 것 같아\n', '\n']"
618,00:47:33.850,"['사랑한다, 우리 강아지\n', '\n']"
619,00:47:38.188,"['[흐느낀다]\n', '\n']"
620,00:47:39.398,"['나도요\n', '\n']"
621,00:47:40.899,"['나도 사랑해요, 엄마\n', '\n']"
622,00:47:43.527,"['엄마, 안녕, 엄마, 잘 가요\n', '\n']"
623,00:47:47.531,"['엄마, 꼭 천국 가요, 네?\n', '\n']"
624,00:47:51.660,"['꼭, 꼭\n', '\n']"
625,00:47:56.498,"['[어린 은탁이 계속 흐느낀다]\n', '\n']"
626,00:48:01.795,"['[의미심장한 효과음]\n', '\n']"
627,00:48:08.552,"['엄마!\n', '\n']"
628,00:48:10.095,"['[울음]\n', '\n']"
629,00:48:17.436,"['[어린 은탁이 계속 흐느낀다]\n', '\n']"
630,00:48:20.939,"['엄마\n', '\n']"
631,00:48:22.024,"['[전화벨이 울린다]\n', '\n']"
632,00:48:32.826,"['(병원 직원)\n', '여보세요, 지연희 씨 댁인가요?\n', '\n']"
633,00:48:35.120,"['여기 사거리 제일병원인데요\n', '\n']"
634,00:48:36.705,"['알아요, 갈 거예요\n', '\n']"
635,00:48:40.125,"['[수화기를 탁 내려놓는다]\n', '\n']"
636,00:48:42.961,"['[흐느끼는 숨소리]\n', '\n']"
637,00:48:45.172,"['[콜록거린다]\n', '\n']"
638,00:48:47.633,"['[어린 은탁이 훌쩍인다]\n', '\n']"
639,00:48:55.849,"['[어린 은탁이 계속 훌쩍인다]\n', '\n']"
640,00:49:03.398,"['소원 안 빌 거야\n', '\n']"
641,00:49:07.235,"['하나도 안 빌 거야\n', '\n']"
642,00:49:08.987,"['아무도 안 들어주는데 누구한테 빌어?\n', '\n']"
643,00:49:21.041,"['""생일 축하합니다""\n', '\n']"
644,00:49:33.720,"['(연희)\n', '할머니는 어쩜 늙지를 않네?\n', '\n']"
645,00:49:38.600,"['더 늙을 게 어디 있어, 여기서?\n', '\n']"
646,00:49:40.977,"['[살짝 웃는다]\n', '\n']"
647,00:49:41.978,"['그건 또 그렇네\n', '\n']"
648,00:49:48.026,"['오다가다 우리 은탁이 좀\n', '\n']"
649,00:49:52.197,"['들여다봐 주면 안 되나?\n', '\n']"
650,00:49:54.658,"['지랄한다, 네 딸년을 내가 왜?\n', '\n']"
651,00:49:58.078,"['치, 그냥 오다가다요\n', '\n']"
652,00:50:01.748,"['(연희)\n', '배추도 남으면 좀 주고\n', '시금치도 좀 주고\n', '\n']"
653,00:50:05.961,"['그러게 그때 같이 죽지\n', '뭐 하러 더 살아 가지고\n', '\n']"
654,00:50:10.757,"['못됐어\n', '\n']"
655,00:50:12.759,"['할머니가 알려 줬잖아요\n', '\n']"
656,00:50:15.971,"['간절히 빌라고\n', '\n']"
657,00:50:17.764,"['[잔잔한 음악]\n', '\n']"
658,00:50:19.099,"['그 말을 믿는 년이 다 있네\n', '\n']"
659,00:50:22.602,"['그 말 믿은 덕에 좀 더 살다 가요\n', '\n']"
660,00:50:27.149,"['고마웠어요, 할머니\n', '\n']"
661,00:50:32.821,"['[살짝 웃는다]\n', '\n']"
662,00:50:34.906,"['인사하려고 왔지\n', '\n']"
663,00:50:40.078,"['저 가요\n', '\n']"
664,00:50:48.211,"['[살짝 웃는다]\n', '\n']"
665,00:50:52.466,"['[채소를 탁탁 다듬는다]\n', '\n']"
666,00:51:10.609,"['[긴장되는 음악]\n', '\n']"
667,00:51:14.321,"['아저씨, 누구세요?\n', '[긴장되는 효과음]\n', '\n']"
668,00:51:25.123,"['(저승사자)\n', '너 내가 보여?\n', '\n']"
669,00:51:27.459,"['[놀라는 숨소리]\n', '\n']"
670,00:51:29.795,"['(어린 은탁)\n', '아, 목도리, 목도리 안 했다\n', '엄마한테 혼나겠다\n', '\n']"
671,00:51:34.007,"['(저승사자)\n', '했는데, 목도리\n', '\n']"
672,00:51:36.676,"['여기가 지연희 씨 댁이지?\n', '\n']"
673,00:51:39.513,"['병원에 안 계셔서 왔거든\n', '\n']"
674,00:51:42.182,"['(저승사자)\n', '근데\n', '\n']"
675,00:51:43.850,"['[놀라는 숨소리]\n', '넌 어째서 태어나지 못했을 애가...\n', '\n']"
676,00:51:54.653,"['너 혹시 올해 아홉 살 됐니?\n', '\n']"
677,00:51:57.739,"['[겁먹은 숨소리]\n', '\n']"
678,00:51:59.074,"['아저씨 목소리 하나도 안 들리는데?\n', '\n']"
679,00:52:02.577,"['(저승사자)\n', '그런데\n', '\n']"
680,00:52:04.788,"['여기는 어쩐 일이세요?\n', '\n']"
681,00:52:06.790,"['[흥미진진한 음악]\n', '\n']"
682,00:52:09.292,"['(삼신)\n', '가, 이 아이는 놔두고\n', '\n']"
683,00:52:11.461,"['(어린 은탁)\n', '할머니!\n', '\n']"
684,00:52:17.968,"['(저승사자)\n', '이거 업무 방해예요\n', '\n']"
685,00:52:20.011,"['(삼신)\n', '업무 방해 같은 소리 하고 있다\n', '\n']"
686,00:52:22.097,"['언제 적 일을 지금에 와서 하고 있어?\n', '\n']"
687,00:52:24.015,"['(저승사자)\n', '지금이라도 하게 됐으니 다행이죠\n', '\n']"
688,00:52:25.851,"['저 지금 시간 없어요\n', '\n']"
689,00:52:27.811,"['그거야 네 사정이고\n', '\n']"
690,00:52:29.437,"['이 아이가 명부에 있어?\n', '\n']"
691,00:52:31.314,"['(삼신)\n', '그때 그 아이는 무명이었지만\n', '\n']"
692,00:52:33.358,"['지금 이 아이는 이름이 있어\n', '\n']"
693,00:52:35.193,"['이 아이 이름 적힌 명부 있으면\n', '갖고 와 봐\n', '\n']"
694,00:52:38.780,"['그럼 내가 내줄 테니까\n', '\n']"
695,00:52:40.323,"['(저승사자)\n', '명부계의 협조 받으려면\n', '9년 치 증빙 다 올려야 돼요\n', '\n']"
696,00:52:44.744,"['아실 만한 분이...\n', '\n']"
697,00:52:49.749,"['[한숨]\n', '\n']"
698,00:52:53.378,"['[놀라는 숨소리]\n', '\n']"
699,00:52:56.214,"['또 보자\n', '\n']"
700,00:52:58.466,"['꼬마야\n', '\n']"
701,00:53:01.761,"['[신비로운 효과음]\n', '\n']"
702,00:53:04.890,"['[어린 은탁이 훌쩍인다]\n', '\n']"
703,00:53:06.224,"['할머니, 엄마가요\n', '\n']"
704,00:53:08.768,"['알아\n', '\n']"
705,00:53:10.145,"['그건 할 수 없어, 너나 살아\n', '\n']"
706,00:53:12.898,"['(삼신)\n', '얼른 이사 가야 돼, 3일 안에\n', '\n']"
707,00:53:15.275,"['그래야 널 못 찾아\n', '\n']"
708,00:53:17.861,"['저승사자랑 눈이 마주쳐서\n', '여기서는 더 살면 안 돼\n', '\n']"
709,00:53:21.907,"['이사 가면 못 찾아요?\n', '\n']"
710,00:53:24.576,"['못 찾아\n', '\n']"
711,00:53:26.161,"['그래서 집터가 중요한 거야\n', '\n']"
712,00:53:31.416,"['오늘 자정이 지나면 장례식장에\n', '\n']"
713,00:53:35.003,"['남자 하나에 여자 둘이\n', '널 찾아올 거야\n', '\n']"
714,00:53:37.923,"['그것들 따라가\n', '\n']"
715,00:53:42.594,"['고생은 좀 하겠지만\n', '\n']"
716,00:53:45.430,"['다른 선택이 없다, 넌\n', '\n']"
717,00:53:47.349,"['[훌쩍인다]\n', '\n']"
718,00:53:48.642,"['[잔잔한 음악]\n', '\n']"
719,00:53:50.101,"['근데 이런 거 왜 알려 주시는 거예요?\n', '\n']"
720,00:53:54.147,"['이뻐서\n', '\n']"
721,00:53:57.359,"['(삼신)\n', '너 점지할 때\n', '\n']"
722,00:54:02.280,"['행복했거든\n', '\n']"
723,00:54:07.494,"['(삼신)\n', '이거 생일 선물\n', '\n']"
724,00:54:34.187,"['[의미심장한 음악]\n', '\n']"
725,00:54:48.034,"['[의미심장한 효과음]\n', '\n']"
726,00:54:54.791,"['[리드미컬한 음악]\n', '\n']"
727,00:55:13.518,"['(덕화)\n', '저기요\n', '\n']"
728,00:55:20.150,"['우리\n', '\n']"
729,00:55:23.194,"['술 한잔할까요?\n', '\n']"
730,00:55:25.697,"['좋죠\n', '\n']"
731,00:55:29.743,"['[전화벨이 울린다]\n', '\n']"
732,00:55:31.036,"['[음성 사서함 작동음]\n', '\n']"
733,00:55:32.537,"['(덕화)\n', '아니, 어제까지 잘되던 카드가\n', '갑자기 안 되는 거야\n', '\n']"
734,00:55:35.874,"['그래서 말인데, 삼촌\n', '\n']"
735,00:55:37.250,"['그, 왜, 술집에 양복 입으시고\n', '\n']"
736,00:55:39.085,"['불친절하신 남자분들 계시잖아\n', '[우아한 음악]\n', '\n']"
737,00:55:41.379,"['나 지금 그 사람...\n', '\n']"
738,00:55:43.089,"['그분들과 함께다\n', '\n']"
739,00:55:44.841,"['아, 그러니까 제발 전화 좀 받아\n', '\n']"
740,00:55:47.302,"['삼촌 핸드폰 번호 대래서\n', '우리 삼촌은 핸드폰 없다니까\n', '\n']"
741,00:55:50.513,"['나한테 되게 불친절하셨어\n', '\n']"
742,00:55:53.224,"['삼촌, 듣고 있어?\n', '\n']"
743,00:55:56.394,"['삼촌!\n', '\n']"
744,00:55:58.063,"['삼촌!\n', '\n']"
745,00:56:00.023,"['[울먹이며]\n', '삼촌!\n', '\n']"
746,00:56:02.984,"['[학교 종이 울린다]\n', '\n']"
747,00:56:06.404,"['(학생1)\n', '쟤는 고3 다 끝나 가는데\n', '아직까지 혼자 먹네\n', '\n']"
748,00:56:09.115,"['[학생1의 코웃음]\n', '\n']"
749,00:56:10.283,"['(학생2)\n', '불쌍하면 같이 먹어 주지, 왜?\n', '\n']"
750,00:56:11.910,"['(학생1)\n', '아, 미쳤냐? 내가 왜? 쟤 귀신 본다고\n', '\n']"
751,00:56:15.371,"['(학생2)\n', '난 귀신보다 쟤가 더 무서워\n', '\n']"
752,00:56:17.457,"['귀신은 눈에 안 보이기라도 하지\n', '\n']"
753,00:56:20.001,"['저 봐, 다 들리면서\n', '안 들리는 척하는 거\n', '\n']"
754,00:56:37.519,"['(귀신3)\n', '얘\n', '\n']"
755,00:56:41.481,"['얘, 너 도깨비 신부라며?\n', '\n']"
756,00:56:43.149,"['[신비로운 효과음]\n', '\n']"
757,00:56:44.400,"['[은탁이 흥얼거린다]\n', '\n']"
758,00:56:45.360,"['너 나 보이잖아\n', '\n']"
759,00:56:46.277,"['[신비로운 효과음]\n', '\n']"
760,00:56:48.404,"['너 나랑 같이 가자\n', '나 너무 외롭고 쓸쓸해서 그래, 어?\n', '\n']"
761,00:56:51.241,"['[신비로운 효과음]\n', '\n']"
762,00:56:52.283,"['야, 너 왜 자꾸 나 안 보이는 척해?\n', '\n']"
763,00:56:55.161,"['나쁜 년아!\n', '\n']"
764,00:56:58.164,"['[은탁의 놀라는 숨소리]\n', '\n']"
765,00:56:59.332,"['아, 아, 비주얼 진짜\n', '\n']"
766,00:57:01.543,"['[은탁의 거친 숨소리]\n', '\n']"
767,00:57:02.669,"['(귀신3)\n', '봐, 다 보이면서\n', '\n']"
768,00:57:05.672,"['[귀신3의 웃음]\n', '\n']"
769,00:57:07.132,"['[귀신3의 놀라는 숨소리]\n', '\n']"
770,00:57:09.050,"['너 정말이구나\n', '\n']"
771,00:57:11.052,"['저, 저, 미, 미안해, 미안했어, 미안해\n', '\n']"
772,00:57:14.264,"['[신비로운 효과음]\n', '\n']"
773,00:57:16.683,"['뭐야? 뭔 사과를 앞도 뒤도 없이 해?\n', '\n']"
774,00:57:22.522,"['[감성적인 음악]\n', '\n']"
775,00:59:11.631,"['[토치를 탁 켠다]\n', '\n']"
776,00:59:15.802,"['(유 회장)\n', '불도 안 켜시고\n', '\n']"
777,00:59:18.012,"['[토치를 탁 끈다]\n', '[김신의 멋쩍은 숨소리]\n', '\n']"
778,00:59:19.514,"['생각이 깊었었네\n', '\n']"
779,00:59:24.143,"['(유 회장)\n', '니스에서 거처하실 곳입니다\n', '\n']"
780,00:59:30.692,"['[잔잔한 음악]\n', '\n']"
781,00:59:34.153,"['그새\n', '\n']"
782,00:59:35.530,"['(유 회장)\n', '예, 그리됐습니다\n', '\n']"
783,00:59:41.411,"['덕화가 벌써 스물다섯인 걸요\n', '\n']"
784,00:59:44.956,"['여기저기 선 좀 보라 일렀으니\n', '\n']"
785,00:59:47.584,"['이달 말쯤 가시지요\n', '\n']"
786,00:59:55.758,"['지금 떠나신다면\n', '\n']"
787,00:59:59.470,"['제 생전에 다시는 못 뵙게 되겠지요?\n', '\n']"
788,01:00:09.939,"['모든 순간\n', '\n']"
789,01:00:13.359,"['고마웠네\n', '\n']"
790,01:00:16.321,"['다시 돌아오셨을 때는\n', '덕화가 있을 것입니다, 예\n', '\n']"
791,01:00:24.370,"['[도어 록 조작음]\n', '\n']"
792,01:00:25.622,"['(유 회장)\n', '아이고, 이거 내가\n', '\n']"
793,01:00:26.831,"['자꾸 열쇠를 깜빡깜빡해서\n', '[도어 록 작동음]\n', '\n']"
794,01:00:29.834,"['신식으로 바꿨습니다\n', '[문이 달칵 여닫힌다]\n', '\n']"
795,01:00:31.961,"['[유 회장의 웃음]\n', '\n']"
796,01:00:33.421,"['(덕화)\n', '할아버지, 삼촌\n', '\n']"
797,01:00:35.632,"['[덕화의 탄성]\n', '\n']"
798,01:00:37.800,"['삼촌 여기 있네\n', '\n']"
799,01:00:39.344,"['내가 그렇게 데리러 좀 와 달라고\n', '부탁했는데\n', '\n']"
800,01:00:42.513,"['그냥 여기 있었네\n', '\n']"
801,01:00:45.016,"['(유 회장)\n', '어른들 말씀 중에는 끼어들지 말라고!\n', '\n']"
802,01:00:48.770,"['(덕화)\n', '할아버지, 내 카드 끊었어?\n', '\n']"
803,01:00:50.271,"['할아버지가 끊은 거 맞지?\n', '\n']"
804,01:00:52.190,"['(유 회장)\n', '내 비서가 끊었다, 이놈아\n', '\n']"
805,01:00:54.025,"['(덕화)\n', '아, 나 지금\n', '완전 개쪽 당하고 왔단 말이야\n', '\n']"
806,01:00:56.152,"['내가 어떻게 꼬셨는데\n', '\n']"
807,01:00:57.654,"['이럴 거면 나 재벌 3세 왜 만들었...\n', '\n']"
808,01:01:02.992,"['삼촌, 어디 가?\n', '\n']"
809,01:01:07.163,"['어디 가는데?\n', '\n']"
810,01:01:08.081,"['(유 회장)\n', '[탁자를 탁탁 치며]\n', '아, 말버릇 좀 고치라지 않았어?\n', '\n']"
811,01:01:10.958,"['아, 할아버지는 가만 계셔 봐\n', '\n']"
812,01:01:14.170,"['(덕화)\n', '혹시 그거야?\n', '\n']"
813,01:01:15.296,"['삼촌 신부 찾는다는 그거?\n', '\n']"
814,01:01:17.256,"['아니, 이 사람아\n', '\n']"
815,01:01:18.257,"['국제결혼 하러 가면 간다고\n', '왜 말을 못 해?\n', '\n']"
816,01:01:20.551,"['왜 말을 못 하냐고!\n', '\n']"
817,01:01:23.388,"['[한숨]\n', '\n']"
818,01:01:24.889,"['돌아오면 이 아이가 있단 말이지?\n', '\n']"
819,01:01:27.141,"['삼촌, 정확히\n', '몇 날 몇 시, 언제 가는데?\n', '\n']"
820,01:01:30.561,"['[자명종이 울린다]\n', '\n']"
821,01:01:39.612,"['[자명종이 뚝 멈춘다]\n', '\n']"
822,01:01:41.406,"['[발랄한 음악]\n', '\n']"
823,01:01:46.786,"['[물을 조르르 붓는다]\n', '\n']"
824,01:01:52.125,"['[밥솥 뚜껑을 탁 닫는다]\n', '\n']"
825,01:01:54.669,"['[국이 보글보글 끓는다]\n', '\n']"
826,01:02:16.065,"['아침 드세요, 남자 하나에 여자 두 분\n', '\n']"
827,01:02:20.653,"['[뚜껑을 달그락 닫는다]\n', '\n']"
828,01:02:22.655,"['밥 드시라고요!\n', '\n']"
829,01:02:25.408,"['(경미)\n', '야, 닥쳐, 골 울려\n', '\n']"
830,01:02:28.119,"['그깟 밥상 하나 차리면서 유세는\n', '하여간 진짜\n', '\n']"
831,01:02:31.831,"['(경식)\n', '웬 미역국?\n', '\n']"
832,01:02:33.458,"['오늘 누구 생일이야?\n', '\n']"
833,01:02:34.834,"['(경미)\n', '대박, 쟤 지금 자기 생일이라고\n', '미역국 끓인 거야?\n', '\n']"
834,01:02:38.254,"['맞네\n', '\n']"
835,01:02:39.756,"['(은탁 이모)\n', '아유, 자기 엄마 잡아먹고 태어난 날이\n', '\n']"
836,01:02:42.216,"['뭐가 그렇게 자랑스러워서\n', '그걸 챙기고 자빠졌어?\n', '\n']"
837,01:02:44.969,"['배운 게 없으니 창피한지도 모르지?\n', '\n']"
838,01:02:47.096,"['(경미)\n', '엄마한테 배웠네\n', '\n']"
839,01:02:48.681,"['얘가 엄마한테서 큰 게 10년인데?\n', '\n']"
840,01:02:50.641,"['(은탁 이모)\n', '밥이나 처먹어\n', '\n']"
841,01:02:51.809,"['[그릇을 달그락 내려놓는다]\n', '\n']"
842,01:02:53.269,"['생일 축하 감사합니다, 이모\n', '\n']"
843,01:02:54.937,"['[은탁 이모의 어이없는 숨소리]\n', '\n']"
844,01:02:56.647,"['[헛웃음]\n', '\n']"
845,01:02:58.149,"['이래서 머리 검은 짐승은\n', '거두는 게 아니랬는데\n', '\n']"
846,01:03:01.068,"['(은탁 이모)\n', '다정도 병이지, 내가\n', '\n']"
847,01:03:02.737,"['아유, 죽은 년만 불쌍하지\n', '\n']"
848,01:03:05.031,"['기껏 미혼모로 키워 놨더니\n', '\n']"
849,01:03:06.741,"['그건 좀 너무 말이 심하시고요\n', '\n']"
850,01:03:08.701,"['[은탁이 가방 지퍼를 직 닫는다]\n', '심하긴 뭐가 심해?\n', '\n']"
851,01:03:10.995,"['(은탁 이모)\n', '너한테는 엄마지만 나한테는 언니거든?\n', '\n']"
852,01:03:13.080,"['(은탁)\n', '그러니까요, 마음으로나 촌수로나\n', '제가 더 가깝거든요\n', '\n']"
853,01:03:16.292,"['(경미)\n', '엄마는 엄마가 무슨 말 하는지\n', '알고나 하는 거야?\n', '\n']"
854,01:03:18.127,"['넌 밥이나 처먹어\n', '\n']"
855,01:03:20.129,"['너 지금 어디 도망가?\n', '\n']"
856,01:03:22.089,"['[신발을 쓱 신으며]\n', '도망가는 게 아니라 학교 가는 건데요\n', '\n']"
857,01:03:32.266,"['(경식)\n', '우산 갖고 가면 뒈진다\n', '\n']"
858,01:03:34.936,"['(은탁 이모)\n', '학교 끝나고 통장 갖고 은행으로 와\n', '\n']"
859,01:03:37.146,"['오늘도 안 갖고 오면\n', '어떻게 될지 알지?\n', '\n']"
860,01:03:39.482,"['나한테 통장 없다니까요\n', '\n']"
861,01:03:41.359,"['도대체 몇 번을 얘기해야...\n', '\n']"
862,01:03:47.740,"['(은탁 이모)\n', '그럼 그 통장이 어디 있는데?\n', '\n']"
863,01:03:49.534,"['네 엄마 보험금 어디 있냐고!\n', '\n']"
864,01:03:56.499,"['그걸 내가 어떻게 알아요?\n', '\n']"
865,01:03:59.502,"['이모가 다 뺏어 갔잖아요\n', '전세금까지 다 빼 갔잖아요!\n', '\n']"
866,01:04:04.006,"['(은탁 이모)\n', '아유, 뭐 이렇게 말이 많아\n', '아침부터, 아유\n', '\n']"
867,01:04:07.552,"['잔말 말고 갖고 와\n', '얻어터지기 싫으면\n', '\n']"
868,01:04:10.346,"['가방에 잘 있던 통장이\n', '은행만 가면 없는데\n', '\n']"
869,01:04:12.598,"['그럼 네가 아니면 누구야?\n', '\n']"
870,01:04:13.933,"['(경미)\n', '저년 귀신 들린 거 맞다니까\n', '\n']"
871,01:04:17.395,"['그래, 네 등 뒤에 귀신 붙었다\n', '\n']"
872,01:04:19.939,"['뭐? 미친, 야!\n', '\n']"
873,01:04:31.993,"['[차분한 음악]\n', '\n']"
874,01:04:57.268,"['""생일 축하합니다""\n', '\n']"
875,01:05:32.053,"['(유 회장)\n', '한데요, 나리\n', '\n']"
876,01:05:34.805,"['이번에도 혼자 떠나시는지요?\n', '\n']"
877,01:05:40.102,"['(김신)\n', '그리되었네\n', '\n']"
878,01:05:42.396,"['내가 만난 그 어떤 여인도\n', '검을 보지 못하니\n', '\n']"
879,01:05:45.942,"['전 다행인데요\n', '\n']"
880,01:05:48.527,"['(유 회장)\n', '검 때문에 고통을 받으실 때는\n', '\n']"
881,01:05:51.572,"['빨리 신부가 나타났으면 좋겠고\n', '\n']"
882,01:05:55.493,"['또 이리 뵐 때는\n', '아무도 몰랐으면 좋겠고\n', '\n']"
883,01:05:59.538,"['[웃으며]\n', '그저 인간의 욕심이지요\n', '\n']"
884,01:06:06.212,"['(김신)\n', '나도 다행일세\n', '\n']"
885,01:06:09.298,"['자네가 아직 곁에 있고\n', '\n']"
886,01:06:11.801,"['술도 넉넉하고\n', '\n']"
887,01:06:14.637,"['오늘 밤은 일단은 살아 보고 싶네\n', '\n']"
888,01:06:17.848,"['[살짝 웃는다]\n', '\n']"
889,01:06:20.685,"['짠 할까요?\n', '\n']"
890,01:06:22.520,"['[살짝 웃는다]\n', '\n']"
891,01:06:27.024,"['[함께 웃는다]\n', '\n']"
892,01:06:42.873,"['[파도가 철썩인다]\n', '\n']"
893,01:06:54.552,"['제가 아홉 살 때\n', '\n']"
894,01:06:56.220,"['이런 거 절대 안 하겠다고\n', '마음먹었는데요\n', '\n']"
895,01:06:58.764,"['너무 급해서 그러는 거니까\n', '이해 부탁드려요\n', '\n']"
896,01:07:04.270,"['알바 좀 꼭 구하게 해 주시고요\n', '이모네 식구 좀 어떻게 해 주시고\n', '\n']"
897,01:07:07.481,"['저 남자 친구도\n', '꼭 좀 생기게 해 주세요, 제발\n', '\n']"
898,01:07:10.067,"['[의미심장한 효과음]\n', '\n']"
899,01:07:15.364,"['(은탁)\n', '알바 꼭 구하게 해 주시고\n', '이모네 식구 좀 어떻게 해 주시고\n', '\n']"
900,01:07:18.743,"['거지 같은 상황에서 저 좀 어떻게...\n', '\n']"
901,01:07:21.454,"['10원어치라도 제발\n', '\n']"
902,01:07:23.330,"['[한숨]\n', '\n']"
903,01:07:28.377,"['나 뭐 하냐?\n', '\n']"
904,01:07:31.005,"['누구한테 비냐?\n', '\n']"
905,01:07:32.965,"['신이 어디 있다고\n', '\n']"
906,01:07:34.258,"['[하늘이 콰르릉거린다]\n', '\n']"
907,01:07:39.388,"['[입바람을 후후 분다]\n', '\n']"
908,01:07:43.392,"['[의미심장한 효과음]\n', '\n']"
909,01:07:46.437,"['[발랄한 음악]\n', '\n']"
910,01:07:48.564,"['설마 여기서 비까지 오는 건가요?\n', '\n']"
911,01:07:52.109,"['(은탁)\n', '[울먹이며]\n', '이건 소나기인가요, 장마인가요?\n', '\n']"
912,01:07:55.362,"['비가 그치기는 하는 건가요?\n', '\n']"
913,01:07:58.324,"['우산도 두 개밖에 없는데\n', '왜 비는 자꾸 오고 난리신데요!\n', '\n']"
914,01:08:04.163,"['[흐느낀다]\n', '\n']"
915,01:08:05.372,"['(김신)\n', '너야?\n', '[은탁의 놀라는 숨소리]\n', '\n']"
916,01:08:06.707,"['어머, 깜짝이야\n', '\n']"
917,01:08:11.754,"['저요?\n', '\n']"
918,01:08:18.010,"['[은탁의 헛기침]\n', '\n']"
919,01:08:20.763,"['(은탁)\n', '저요?\n', '\n']"
920,01:08:23.432,"['저한테 말 거신 거예요?\n', '\n']"
921,01:08:25.893,"['어, 너, 너야?\n', '\n']"
922,01:08:29.063,"['뭐가요?\n', '\n']"
923,01:08:29.980,"['날 불러낸 게 너냐고\n', '\n']"
924,01:08:31.357,"['제가요? 저 안 불렀는데요\n', '\n']"
925,01:08:33.192,"['네가 불렀어\n', '\n']"
926,01:08:35.111,"['대체 날 어떻게 불러낸 거야?\n', '\n']"
927,01:08:36.570,"['(은탁)\n', '제가 어떻게요?\n', '\n']"
928,01:08:38.239,"['저 진짜 안 불렀다니까요\n', '\n']"
929,01:08:39.698,"['네가 불렀어, 분명\n', '\n']"
930,01:08:41.534,"['생각해, 어떻게 불렀는지\n', '\n']"
931,01:08:43.244,"['절실하게?\n', '\n']"
932,01:08:46.997,"['제가 부른 게 아니고요\n', '그냥 제 눈에 아저씨가 보이는 거예요\n', '\n']"
933,01:08:51.627,"['지난번에 거리에서\n', '실수로 눈 마주쳐 가지고\n', '\n']"
934,01:08:54.421,"['[의미심장한 효과음]\n', '\n']"
935,01:08:56.465,"['그 아저씨 맞죠?\n', '\n']"
936,01:08:58.759,"['무슨 말이야? 보인다는 게\n', '\n']"
937,01:08:59.969,"['아저씨 귀신이잖아요\n', '\n']"
938,01:09:01.679,"['제가 귀신을 보거든요\n', '\n']"
939,01:09:04.390,"['- 귀신 아니야\n', '- 처음에는 다들 그래요\n', '\n']"
940,01:09:10.354,"['너 대체 뭐야?\n', '\n']"
941,01:09:12.398,"['뭔데 보통은 보여야 되는 게\n', '아무것도 안 보여?\n', '\n']"
942,01:09:14.942,"['뭐가 보여야 되는데요?\n', '\n']"
943,01:09:16.569,"['스무 살, 서른 살, 너의 미래\n', '\n']"
944,01:09:18.863,"['없나 보죠, 미래가\n', '\n']"
945,01:09:23.033,"['(은탁)\n', '근데 아저씨는 죽기 전에\n', '뭐, 무당이었어요?\n', '\n']"
946,01:09:26.245,"['아니면 사기꾼?\n', '\n']"
947,01:09:27.580,"['[익살스러운 음악]\n', '\n']"
948,01:09:28.747,"['미래 같은 소리 한다\n', '\n']"
949,01:09:30.291,"['뭐, 뭐? 무슨, 무슨 꾼?\n', '\n']"
950,01:09:32.251,"['좋은 곳으로 가세요\n', '\n']"
951,01:09:33.752,"['(은탁)\n', '오래 떠돌면 안 좋아요\n', '\n']"
952,01:09:39.216,"['근데 그 꽃은 뭐예요?\n', '\n']"
953,01:09:41.260,"['가라면서 왜 말 걸어?\n', '\n']"
954,01:09:42.636,"['(은탁)\n', '알았어요, 가세요\n', '\n']"
955,01:09:44.930,"['메밀꽃\n', '\n']"
956,01:09:46.056,"['[웃으며]\n', '그게, 그걸 묻는 게 아니잖아요\n', '\n']"
957,01:09:49.226,"['왜 들고 있냐고요?\n', '\n']"
958,01:09:51.145,"['(은탁)\n', '줘 봐요, 아저씨랑은 안 어울려요\n', '\n']"
959,01:09:54.732,"['[어이없는 숨소리]\n', '\n']"
960,01:09:55.941,"['처음 듣는 소리야\n', '진짜 처음이야, 진짜\n', '\n']"
961,01:10:00.237,"['줘도 돼요\n', '\n']"
962,01:10:02.489,"['오늘 제 생일이거든요\n', '\n']"
963,01:10:06.535,"['아주 우울한 생일\n', '\n']"
964,01:10:17.838,"['[감성적인 음악]\n', '\n']"
965,01:10:20.507,"['(은탁)\n', '난 주로 생일날 풀을 받네\n', '\n']"
966,01:10:23.928,"['아홉 살 때는 배추 받았거든요\n', '\n']"
967,01:10:28.682,"['근데 메밀꽃은\n', '\n']"
968,01:10:30.935,"['꽃말이 뭘까요?\n', '\n']"
969,01:10:32.770,"['연인\n', '\n']"
970,01:10:34.063,"['[파도가 철썩인다]\n', '\n']"
971,01:10:59.922,"['왜 울고 있었는데?\n', '\n']"
972,01:11:02.049,"['알바, 이모네 식구, 남자 친구\n', '셋 중에 뭐 때문에?\n', '\n']"
973,01:11:05.344,"['그걸 어떻게 알아요?\n', '\n']"
974,01:11:06.679,"['(김신)\n', '들렸어\n', '\n']"
975,01:11:07.930,"['들렸다는 게 무슨 뜻이에요?\n', '\n']"
976,01:11:11.100,"['누군가의 소원을\n', '들어주기도 하거든, 내가\n', '\n']"
977,01:11:13.519,"['누군가의 소원을 들어준다고요?\n', '\n']"
978,01:11:18.691,"['걔, 지니처럼? 뭐, 수호신 그런 거?\n', '\n']"
979,01:11:22.444,"['[익살스러운 음악]\n', '\n']"
980,01:11:23.362,"['진짜요? 어쩐지\n', '\n']"
981,01:11:26.031,"['(은탁)\n', '처음 봤을 때 다른 귀신들이랑은\n', '느낌이 좀 다르다 했어요\n', '\n']"
982,01:11:30.411,"['진짜 내 수호신이에요?\n', '\n']"
983,01:11:31.912,"['네 수호신이라고는 안 했어\n', '\n']"
984,01:11:33.372,"['우리 엄마가 그랬어요\n', '\n']"
985,01:11:35.165,"['사람들은 다 자기만의 사전을\n', '갖고 태어난다고\n', '\n']"
986,01:11:38.377,"['(은탁)\n', '내 사전에는\n', '\n']"
987,01:11:40.254,"[""아무리 뒤져도 '행복', '행운'\n"", '\n']"
988,01:11:43.757,"['그런 단어는 코빼기도 안 보이거든요\n', '\n']"
989,01:11:47.720,"['[코를 훌쩍인다]\n', '\n']"
990,01:11:48.762,"['제 말 무슨 뜻인지 알죠?\n', '\n']"
991,01:11:51.140,"['모르겠는데\n', '\n']"
992,01:11:52.099,"['(은탁)\n', '한 오백 정도 융통 안 되겠냐는 뜻이죠\n', '\n']"
993,01:11:55.936,"['현금 융통이 좀 어려우면\n', '이번 주 로또 번호라도 알려 줘라\n', '\n']"
994,01:11:59.732,"['그런 뜻도 포함이고\n', '\n']"
995,01:12:00.733,"['이번에 식구들한테 작별 인사 해\n', '\n']"
996,01:12:02.776,"['(김신)\n', '한동안 못 볼 거다\n', '\n']"
997,01:12:04.320,"['닭집 알바 열심히 하고, 붙을 거야\n', '\n']"
998,01:12:09.116,"['[신비로운 효과음]\n', '\n']"
999,01:12:11.785,"['(은탁)\n', '어? 저기요!\n', '\n']"
1000,01:12:14.455,"['제 남친은요?\n', '\n']"
1001,01:12:16.832,"['여보세요? 이보세요?\n', '\n']"
1002,01:12:20.127,"['아, 진짜 치사하게, 진짜\n', '\n']"
1003,01:12:36.727,"['구면이네?\n', '\n']"
1004,01:12:38.020,"['그런 면이 있네\n', '\n']"
1005,01:12:40.022,"['(저승사자)\n', '소문은 익히 들어서\n', '\n']"
1006,01:12:42.191,"['(김신)\n', '내 소문에는 거품이 좀 많아서\n', '\n']"
1007,01:12:44.943,"['내 집에는 어쩐 일로?\n', '\n']"
1008,01:12:47.279,"['여기 살아?\n', '\n']"
1009,01:12:48.364,"['(덕화)\n', '이 가구가 다 옵션이라\n', '딱 몸만 들어오시면...\n', '\n']"
1010,01:12:52.117,"['[덕화의 멋쩍은 웃음]\n', '\n']"
1011,01:12:53.952,"['언제 들어왔어, 삼촌?\n', '\n']"
1012,01:12:55.287,"['[김신이 찻잔을 달그락거린다]\n', '\n']"
1013,01:12:57.164,"['- 설명해\n', '- (덕화) 아니, 삼촌, 그게\n', '\n']"
1014,01:12:59.208,"['(덕화)\n', '어차피 20년은 비잖아, 여기가\n', '\n']"
1015,01:13:01.210,"['그래서 그 20년이면\n', '세가 얼마인가 하는\n', '\n']"
1016,01:13:03.545,"['그런 순수한 궁금증에서\n', '출발한 거거든, 나는\n', '\n']"
1017,01:13:07.174,"['너 저게 뭔지 알고 들인 거야?\n', '\n']"
1018,01:13:08.842,"['- 너 저거...\n', '- (덕화) 세입자님한테 저거라니!\n', '\n']"
1019,01:13:12.554,"['찻집 하신댔어\n', '\n']"
1020,01:13:15.516,"['(덕화)\n', '아, 죄송해요, 우리 삼촌이\n', '사회생활을 많이 안 해 봐서\n', '\n']"
1021,01:13:18.310,"['- (덕화) 커피 드세요\n', '- (저승사자) 어\n', '\n']"
1022,01:13:21.980,"['[저승사자가 차를 후룩 마신다]\n', '(덕화)\n', '그...\n', '\n']"
1023,01:13:23.857,"['[작은 목소리로]\n', '아직 돈 안 받았어\n', '\n']"
1024,01:13:25.359,"['(김신)\n', '마당에 새 차 있던데\n', '\n']"
1025,01:13:27.736,"['세입자님 차야\n', '\n']"
1026,01:13:28.779,"['(저승사자)\n', '내 차 아닌데? 돈은 이미 다\n', '\n']"
1027,01:13:32.866,"['줬고\n', '\n']"
1028,01:13:34.910,"['그렇게 된 사연이므로\n', '돈은 돌려줄 테니 그만 나가 주지\n', '\n']"
1029,01:13:37.663,"['그렇게 된 사연은 알겠으나\n', '\n']"
1030,01:13:39.790,"['이미 계약서에 도장을 다 찍어서\n', '\n']"
1031,01:13:43.252,"['[익살스러운 음악]\n', '\n']"
1032,01:13:46.296,"['[입바람을 후 분다]\n', '\n']"
1033,01:13:48.048,"['[저승사자의 한숨]\n', '중요한 서류는 아니었기를 바라\n', '\n']"
1034,01:13:50.384,"['(저승사자)\n', '방금 거는 복사본, 원본은 부동산에\n', '\n']"
1035,01:13:52.469,"['짐은 내일 들어올 거야\n', '손 없는 날이거든\n', '\n']"
1036,01:13:55.222,"['다 마셨으면 가\n', '\n']"
1037,01:13:56.723,"['내가 온정을 베푸는 건 커피까지야\n', '[저승사자의 코웃음]\n', '\n']"
1038,01:13:58.976,"['들어가서 짐이나 싸\n', '\n']"
1039,01:14:00.394,"['(저승사자)\n', '20년 치 짐이면 지금부터 싸도 늦어\n', '\n']"
1040,01:14:02.438,"['도깨비와 얼굴 붉히는 우를\n', '범해 보시겠다?\n', '\n']"
1041,01:14:06.984,"['사자와의 계약이 어떤 건지 잘 알 텐데\n', '\n']"
1042,01:14:09.319,"['(저승사자)\n', '이 집 대신\n', '방금 나간 그 친구 데려가도...\n', '\n']"
1043,01:14:14.533,"['할 수 없네\n', '\n']"
1044,01:14:15.659,"['(김신)\n', '빈방 많으니까 써\n', '내 집이다 생각하고\n', '\n']"
1045,01:14:18.370,"['- 내 집이야\n', '- 내 집이야\n', '\n']"
1046,01:14:21.415,"['도깨비 터에서\n', '도깨비를 쫓아낼 수 있으면\n', '\n']"
1047,01:14:23.250,"['어디 한번 파이팅\n', '\n']"
1048,01:14:34.303,"['[심오한 음악]\n', '\n']"
1049,01:14:43.937,"['(저승사자)\n', '야만적이기 이를 데 없군\n', '\n']"
1050,01:14:45.772,"['[고기를 쓱쓱 썰며]\n', '소문으로만 듣던 상스러운 식단이네\n', '\n']"
1051,01:14:49.651,"['[한숨]\n', '\n']"
1052,01:14:56.408,"['아, 실수\n', '\n']"
1053,01:14:59.703,"['내 거에 뿌린다는 게 그만\n', '\n']"
1054,01:15:01.205,"['[코웃음]\n', '\n']"
1055,01:15:02.915,"['[양념 통이 탁 빠진다]\n', '\n']"
1056,01:15:06.919,"['(김신)\n', '아, 나도 실수\n', '\n']"
1057,01:15:11.048,"['너한테 뿌린다는 게\n', '\n']"
1058,01:15:12.341,"['[포크를 달그락 내려놓는다]\n', '\n']"
1059,01:15:13.258,"['너?\n', '\n']"
1060,01:15:14.218,"['아까 호칭 정리된 거 아니었나?\n', '\n']"
1061,01:15:16.261,"['(김신)\n', '이거, 저거, 야, 너\n', '\n']"
1062,01:15:29.650,"['[은탁이 중얼거린다]\n', '\n']"
1063,01:15:46.250,"['연인?\n', '\n']"
1064,01:15:48.460,"['[은탁이 꽃을 바스락 만진다]\n', '\n']"
1065,01:15:52.965,"['[살짝 웃는다]\n', '\n']"
1066,01:15:54.466,"['치\n', '\n']"
1067,01:15:56.885,"['연인은 무슨\n', '\n']"
1068,01:15:58.637,"['[펜으로 쓱 긋는다]\n', '\n']"
1069,01:15:59.596,"['[발랄한 음악]\n', '\n']"
1070,01:16:11.608,"['""아르바이트""\n', '\n']"
1071,01:16:18.907,"['(은탁)\n', '안녕하세요\n', '\n']"
1072,01:16:20.325,"['[웃으며]\n', '사장님이시죠?\n', '\n']"
1073,01:16:22.369,"['[헛기침하며]\n', '아, 저는 지은탁이라고 하고요\n', '\n']"
1074,01:16:24.746,"['성격이 굉장히 밝고 긍정적이어서\n', '\n']"
1075,01:16:27.332,"['엄청 밝고 긍정적이어서\n', '\n']"
1076,01:16:28.959,"['밝고 긍정적이어서\n', '\n']"
1077,01:16:30.544,"['어떤 궂은일도 시켜만 주신다면\n', '다 해낼 수 있습니다\n', '\n']"
1078,01:16:33.547,"['어떤 궂은일에도...\n', '\n']"
1079,01:16:43.432,"['[한숨]\n', '\n']"
1080,01:17:07.331,"['[힘겨운 숨소리]\n', '\n']"
1081,01:17:08.498,"['알바를 붙긴 개뿔\n', '\n']"
1082,01:17:11.043,"['수호신? 아따, 이 양반이\n', '\n']"
1083,01:17:13.378,"['[거친 숨소리]\n', '\n']"
1084,01:17:14.713,"['전화번호라도 딸걸\n', '\n']"
1085,01:17:18.425,"['[은탁의 한숨]\n', '\n']"
1086,01:17:23.680,"['어, 어\n', '\n']"
1087,01:17:25.432,"['[은탁의 다급한 신음]\n', '\n']"
1088,01:17:29.519,"['[입바람을 후후 분다]\n', '\n']"
1089,01:17:32.147,"['- (김신) 거봐, 너야\n', '- 아, 깜짝이야\n', '\n']"
1090,01:17:33.815,"['[흥미진진한 음악]\n', '\n']"
1091,01:17:38.362,"['아, 왜 자꾸 쫓아다녀요?\n', '\n']"
1092,01:17:39.821,"['(김신)\n', '쫓아다닌 게 아니라 네가 또 부른 거야\n', '\n']"
1093,01:17:41.531,"['(은탁)\n', '아니라니까요\n', '\n']"
1094,01:17:42.783,"['그런 재주가 있으면\n', '내가 이 고생을 안 하죠\n', '\n']"
1095,01:17:45.410,"['내가 무슨 수로?\n', '뭐, 방울 흔들어 불러요?\n', '\n']"
1096,01:17:48.080,"['그걸 나한테 물어보면 어떡해?\n', '\n']"
1097,01:17:49.206,"['아저씨가 자꾸 우기니까 그렇죠\n', '내가 안 불렀다니까\n', '\n']"
1098,01:17:52.501,"['(은탁)\n', '그나저나\n', '아저씨 진짜 수호신 맞아요?\n', '\n']"
1099,01:17:55.629,"['종류가 뭔데요?\n', '\n']"
1100,01:17:57.130,"['뭐, 망신, 근신, 내신, 당신?\n', '\n']"
1101,01:18:04.096,"['아저씨가 말한 닭집이\n', '혹시 양계장인가요?\n', '\n']"
1102,01:18:07.724,"['양계장 알바?\n', '\n']"
1103,01:18:09.184,"['- 아니야\n', '- 그럼 어딘데요?\n', '\n']"
1104,01:18:11.645,"['괜히 이루어질 것처럼\n', '사람 기대하게 하고\n', '\n']"
1105,01:18:13.855,"['- 너 진짜 네가 나한테 무슨 짓을...\n', '- 아니에요\n', '\n']"
1106,01:18:17.234,"['내가 안 불렀어요\n', '\n']"
1107,01:18:18.402,"['너야, 너라고, 너 맞아\n', '\n']"
1108,01:18:20.070,"['한 번도 이런 적 없었어\n', '\n']"
1109,01:18:23.907,"['진짜 나예요?\n', '\n']"
1110,01:18:26.576,"['정말?\n', '\n']"
1111,01:18:30.080,"['(은탁)\n', '진짜 그런 거면 나 대체 뭐지?\n', '\n']"
1112,01:18:35.043,"['아, 뭔지 알았다\n', '\n']"
1113,01:18:37.129,"['뭔데?\n', '\n']"
1114,01:18:39.172,"['나한테 보이는 거 다 말해 봐요\n', '\n']"
1115,01:18:43.218,"['- 교복 입었네\n', '- (은탁) 또\n', '\n']"
1116,01:18:47.097,"['이쁘네\n', '\n']"
1117,01:18:48.223,"['[부드러운 음악]\n', '\n']"
1118,01:18:49.850,"['교복이\n', '\n']"
1119,01:18:54.354,"['그게 다예요?\n', '\n']"
1120,01:18:56.732,"['음, 날개 뭐, 이런 건 안 보이나?\n', '\n']"
1121,01:19:00.235,"['(은탁)\n', '나 아무래도 요정인가 봐요\n', '\n']"
1122,01:19:02.904,"['팅커벨\n', '\n']"
1123,01:19:05.824,"['[신비로운 효과음]\n', '\n']"
1124,01:19:10.662,"['에이, 농담 좀 한 거 가지고\n', '\n']"
1125,01:19:13.707,"['아, 전화번호, 아이씨!\n', '\n']"
1126,01:19:17.461,"['(신부)\n', '성부와 성자와 성령의 이름으로, 아멘\n', '\n']"
1127,01:19:22.632,"['기도합시다\n', '\n']"
1128,01:19:24.426,"['우리에게 은총을 베풀어 주시는\n', '하나님께 감사드립니다\n', '\n']"
1129,01:19:28.638,"['당신께 한 걸음 더 다가가고자 하오니\n', '\n']"
1130,01:19:31.349,"['자비를 베풀어 주시옵소서\n', '\n']"
1131,01:19:33.477,"['[발랄한 음악]\n', '언제나...\n', '\n']"
1132,01:19:35.854,"['[토치를 탁 켠다]\n', '\n']"
1133,01:19:40.150,"['[입바람을 후 분다]\n', '\n']"
1134,01:19:41.276,"['[의미심장한 효과음]\n', '\n']"
1135,01:19:55.957,"['[기쁜 숨소리]\n', '\n']"
1136,01:19:57.000,"['(은탁)\n', '나 알았어요\n', '어떻게 부르는지 알았어요\n', '\n']"
1137,01:20:02.756,"['그래도 여기서 부르는 건\n', '좀 아니지 않니?\n', '\n']"
1138,01:20:08.512,"['무서워요?\n', '\n']"
1139,01:20:09.763,"['(은탁)\n', '되게 좋으신 분들이라던데\n', '\n']"
1140,01:20:11.681,"['아부하지 마, 신이 어디 있냐며?\n', '\n']"
1141,01:20:13.475,"['어디 계신가 해서 한번 와 봤죠\n', '\n']"
1142,01:20:15.894,"['[김신의 못마땅한 숨소리]\n', '\n']"
1143,01:20:20.524,"['왜 불꽃으로 화르륵 안 가고 걸어가요?\n', '\n']"
1144,01:20:23.068,"['(김신)\n', '여기서 안 돼\n', '\n']"
1145,01:20:24.194,"['일종의 비무장 지대 같은 거라고\n', '생각하면 돼\n', '\n']"
1146,01:20:26.613,"['따라오지 말고\n', '\n']"
1147,01:20:29.324,"['제 소원은 어떻게 하실 건데요?\n', '\n']"
1148,01:20:31.243,"['세 개 중의 세 개가 해결 안 됐잖아요\n', '\n']"
1149,01:20:33.078,"['이번에 곧 해결할 거야, 알바도\n', '\n']"
1150,01:20:35.205,"['(은탁)\n', '말고요, 남자 친구\n', '\n']"
1151,01:20:36.706,"['그건 너도 노력을 좀 해!\n', '\n']"
1152,01:20:39.334,"['(김신)\n', '쯧\n', '\n']"
1153,01:20:42.671,"['(은탁)\n', '와, 나 이렇게 대하면 안 될 텐데?\n', '\n']"
1154,01:20:46.967,"['(은탁)\n', '이제 방법을 안다고, 내가\n', '[휴대전화 조작음]\n', '\n']"
1155,01:20:48.885,"['전번 딱 딴 거지\n', '\n']"
1156,01:20:51.513,"['[은탁이 입바람을 후 분다]\n', '\n']"
1157,01:20:53.765,"['[애플리케이션 효과음]\n', '\n']"
1158,01:20:57.561,"['[은탁의 들뜬 숨소리]\n', '\n']"
1159,01:20:59.729,"['(은탁)\n', '오, 이건 안 될 줄 알았는데\n', '\n']"
1160,01:21:02.440,"['(김신)\n', '안 될 줄 알았는데 왜 해?\n', '\n']"
1161,01:21:04.943,"['(은탁)\n', '어, 아, 잠깐만요\n', '\n']"
1162,01:21:06.194,"['[의미심장한 효과음]\n', '[흥미진진한 음악]\n', '\n']"
1163,01:21:16.955,"['나 붙잡은 거야, 지금?\n', '\n']"
1164,01:21:20.333,"['(은탁)\n', '아, 더는 안 되겠다, 아, 뜨거워\n', '\n']"
1165,01:21:22.669,"['[은탁이 입바람을 후후 분다]\n', '\n']"
1166,01:21:24.004,"['파랗길래 차가운 줄 알았어요\n', '\n']"
1167,01:21:27.924,"['본디 파란 불 온도가\n', '제일 높다, 문과생\n', '\n']"
1168,01:21:30.635,"['이럴 시간에 공부 좀 해\n', '\n']"
1169,01:21:32.637,"['[은탁이 기가 찬 숨소리]\n', '\n']"
1170,01:21:34.347,"['내가 조실부모하고 사고무탁하면서도\n', '일등을 안 놓친...\n', '\n']"
1171,01:21:38.435,"['됐고요\n', '\n']"
1172,01:21:39.728,"['저기, 수호신 뭐 이런 거 말고\n', '\n']"
1173,01:21:41.771,"['그냥 저 오백 해 주시고\n', '치워 주시면 안 돼요?\n', '\n']"
1174,01:21:43.565,"['내가 일이 있어서 가야 되거든?\n', '\n']"
1175,01:21:45.650,"['무슨 일요?\n', '\n']"
1176,01:21:47.611,"['아, 옷이 좀 경건하네요\n', '\n']"
1177,01:21:49.362,"['내일이 아는 이의 기일이야\n', '\n']"
1178,01:21:51.489,"['근데 왜 오늘부터 가요?\n', '지방이에요?\n', '\n']"
1179,01:21:53.742,"['그곳은 오늘이 내일이야\n', '\n']"
1180,01:21:56.161,"['언제 오는데요? 내일? 모레?\n', '\n']"
1181,01:21:58.788,"['저 꼭 물어보고 싶은 게 있단 말이에요\n', '\n']"
1182,01:22:00.123,"['(김신)\n', '어, 빨리해\n', '\n']"
1183,01:22:02.542,"['[은탁의 한숨]\n', '\n']"
1184,01:22:04.794,"['이런 질문 이상하게 들릴 거 아는데\n', '\n']"
1185,01:22:07.839,"['오해 마시고 들어 주셨으면 해요\n', '\n']"
1186,01:22:09.883,"['알았으니까 해, 뭐?\n', '\n']"
1187,01:22:11.259,"['처음에는 아저씨가\n', '저승사자인가 했어요\n', '\n']"
1188,01:22:14.220,"['[흥미진진한 음악]\n', '(은탁)\n', '근데 저승사자면\n', '\n']"
1189,01:22:15.722,"['절 보자마자 데려갔을 거예요\n', '\n']"
1190,01:22:18.224,"['그다음에는 귀신이구나 했어요\n', '\n']"
1191,01:22:21.853,"['근데 아저씨는\n', '\n']"
1192,01:22:23.730,"['그림자가 있었어요\n', '\n']"
1193,01:22:27.442,"['(은탁)\n', '그래서 생각을 해 봤죠\n', '대체 저 아저씨는 뭘까?\n', '\n']"
1194,01:22:31.613,"['그래서 뭔데, 내가?\n', '\n']"
1195,01:22:32.739,"['도깨비요\n', '\n']"
1196,01:22:33.865,"['[긴장되는 효과음]\n', '\n']"
1197,01:22:35.408,"['(은탁)\n', '아저씨, 혹시 도깨비 아니에요?\n', '\n']"
1198,01:22:42.791,"['너 뭐야?\n', '\n']"
1199,01:22:44.584,"['너 대체 뭐야?\n', '\n']"
1200,01:22:45.585,"['제 입으로 말하기는 좀 뭐한데\n', '\n']"
1201,01:22:48.797,"['전 도깨비 신부거든요\n', '\n']"
1202,01:22:52.092,"['제가 귀신 보는 건 아시죠?\n', '\n']"
1203,01:22:53.843,"['(은탁)\n', '제가 태어날 때부터\n', '\n']"
1204,01:22:57.722,"['이런 걸 갖고 태어났거든요?\n', '\n']"
1205,01:22:59.766,"['이거 때문에 그러는 것 같아요\n', '귀신들이\n', '\n']"
1206,01:23:01.935,"['나한테 도깨비 신부라고\n', '\n']"
1207,01:23:03.728,"['보이시죠? 이거\n', '\n']"
1208,01:23:11.820,"['[의미심장한 효과음]\n', '\n']"
1209,01:23:15.115,"['[옅은 신음]\n', '\n']"
1210,01:23:20.578,"['이거 보이시죠?\n', '\n']"
1211,01:23:23.915,"['[거친 숨소리]\n', '\n']"
1212,01:23:25.291,"['증명해 봐\n', '\n']"
1213,01:23:28.920,"['제가 도깨비 신부인 걸\n', '증명해 보라고요?\n', '\n']"
1214,01:23:31.172,"['(김신)\n', '어\n', '\n']"
1215,01:23:33.299,"['어떻게요?\n', '\n']"
1216,01:23:34.592,"['(은탁)\n', '뭐, 훨훨 날아요?\n', '\n']"
1217,01:23:37.345,"['아니면 빗자루로 변해요?\n', '\n']"
1218,01:23:39.597,"['[코웃음]\n', '\n']"
1219,01:23:40.598,"['해 봐\n', '\n']"
1220,01:23:41.766,"['저 지금 되게 진지하거든요\n', '\n']"
1221,01:23:43.309,"['나도\n', '\n']"
1222,01:23:44.769,"['나한테 보이는 거 말해 봐\n', '\n']"
1223,01:23:45.979,"['[피식한다]\n', '\n']"
1224,01:23:47.564,"['복수하시는 거예요?\n', '\n']"
1225,01:23:48.857,"['말해 봐, 보이는 거 다\n', '\n']"
1226,01:23:55.697,"['- 키가 크시네요\n', '- (김신) 또\n', '\n']"
1227,01:23:59.409,"['- 옷이 비싸 보여요\n', '- 또\n', '\n']"
1228,01:24:02.287,"['[한숨]\n', '\n']"
1229,01:24:05.415,"['- 한 30대 중반?\n', '- (김신) 또\n', '\n']"
1230,01:24:08.334,"[""설마 뭐, '잘생겼다'\n"", '이런 대답 원하는 건 아니죠?\n', '\n']"
1231,01:24:12.839,"['내가 원하는 답은\n', '네가 갖고 있었어야지\n', '\n']"
1232,01:24:16.926,"['나한테 보이는 게 그게 다라면\n', '\n']"
1233,01:24:19.554,"['넌 도깨비 신부가 아니야\n', '\n']"
1234,01:24:21.765,"['도깨비에게 넌 효용 가치가 없거든\n', '\n']"
1235,01:24:24.768,"['(김신)\n', '귀신을 보는 건 안됐지만\n', '\n']"
1236,01:24:26.603,"['어차피 덤으로 사는 목숨이니\n', '감사하며 살아\n', '\n']"
1237,01:24:29.731,"['넌 그저 원칙을 어기고\n', '\n']"
1238,01:24:31.357,"['인간의 생사에 관여해서 생긴\n', '부작용 같은 거니까\n', '\n']"
1239,01:24:39.074,"['내가 감수하기 싫다면요?\n', '\n']"
1240,01:24:40.992,"['그냥 원래 명대로 죽는 방법도 있어\n', '\n']"
1241,01:24:42.869,"['[어이없는 숨소리]\n', '\n']"
1242,01:24:43.912,"['말을 참...\n', '\n']"
1243,01:24:49.375,"['알겠고요\n', '아까 한 질문 다시 할게요\n', '\n']"
1244,01:24:52.837,"['아저씨, 혹시\n', '\n']"
1245,01:24:55.298,"['- 도깨비예요?\n', '- 아니야\n', '\n']"
1246,01:24:56.966,"['- 아니에요?\n', '- 아니야\n', '\n']"
1247,01:24:58.218,"['(은탁)\n', '그럼 뭔데?\n', '\n']"
1248,01:25:00.720,"['대체 뭔데 내가 가치 있고 없고를\n', '아저씨가 판단하는데요?\n', '\n']"
1249,01:25:04.099,"['10원어치 나아지고 싶다며?\n', '\n']"
1250,01:25:08.728,"['(김신)\n', '네 거지 같은 상황을\n', '10원어치 정도 걱정하는 사람\n', '\n']"
1251,01:25:15.568,"['현실에 살라고, 소문에 살지 말고\n', '\n']"
1252,01:25:19.489,"['넌 도깨비 신부가 아니니까\n', '\n']"
1253,01:25:23.159,"['[못마땅한 숨소리]\n', '\n']"
1254,01:25:28.832,"['(은탁)\n', '잠깐만요\n', '[의미심장한 효과음]\n', '\n']"
1255,01:25:34.170,"['(은탁)\n', '저 얘기 아직 안 끝났...\n', '[김신의 놀라는 신음]\n', '\n']"
1256,01:25:35.630,"['[발랄한 음악]\n', '\n']"
1257,01:25:37.674,"['[문이 탁 닫힌다]\n', '\n']"
1258,01:25:45.014,"['(김신)\n', '너 지금 저 문으로 들어온 거야?\n', '나 따라서?\n', '\n']"
1259,01:25:49.352,"['어, 어떻게 들어왔어?\n', '\n']"
1260,01:25:54.357,"['손잡이를 잡는다, 민다\n', '\n']"
1261,01:25:56.860,"['아저씨를 따라...\n', '\n']"
1262,01:26:00.113,"['근데 여기 왜 이래요?\n', '\n']"
1263,01:26:01.573,"['(김신)\n', '야, 그래서 내가 지금 묻잖아\n', '저 문 어떻게 통과한 거야, 대체?\n', '\n']"
1264,01:26:04.701,"['아, 파주인가? 영어 마을 거기?\n', '\n']"
1265,01:26:08.163,"['(은탁)\n', '씁, 근데 거기라도 이상하지\n', '\n']"
1266,01:26:10.456,"['이게 대체 어떻게 된 거예요?\n', '여기 어디예요, 대체?\n', '\n']"
1267,01:26:13.793,"['캐나다\n', '\n']"
1268,01:26:15.003,"['캐나다요?\n', '\n']"
1269,01:26:17.964,"['(은탁)\n', '캐나다면...\n', '\n']"
1270,01:26:20.383,"['그, 단풍국?\n', '\n']"
1271,01:26:23.136,"['막 오로라 거기?\n', '\n']"
1272,01:26:24.596,"['(은탁)\n', '여기, 여기 진짜 외국이에요?\n', '\n']"
1273,01:26:34.939,"['대박, 아저씨 이런 능력도 있었어요?\n', '\n']"
1274,01:26:38.401,"['너도 있네, 너 진짜 뭐지?\n', '\n']"
1275,01:26:42.405,"['(은탁)\n', '여기가 진짜 캐나다고\n', '아저씨 능력이 이 정도면\n', '\n']"
1276,01:26:45.950,"['저 결심했어요\n', '\n']"
1277,01:26:49.078,"['- 뭘?\n', '- 마음먹었어요, 제가\n', '\n']"
1278,01:26:50.830,"['(김신)\n', '뭐, 뭘?\n', '\n']"
1279,01:26:51.789,"['저 시집갈게요, 아저씨한테\n', '\n']"
1280,01:26:53.499,"['(은탁)\n', '난 암만 생각해도\n', '아저씨가 도깨비 맞는 것 같거든요\n', '\n']"
1281,01:26:57.295,"['[살짝 웃으며]\n', '사랑해요\n', '\n']"
1282,01:26:59.005,"['[감성적인 음악]\n', '\n']"
1283,01:27:47.929,"['(은탁)\n', '이곳인가? 나를 위한 레드 카펫?\n', '\n']"
1284,01:27:51.516,"['함께 걸어서 영광이죠?\n', '\n']"
1285,01:27:55.103,"['(김신)\n', '대체 뭐란 말이냐, 너는\n', '\n']"
1286,01:27:57.188,"['(은탁)\n', '200년 후에 아저씨 신부 될 사람입니다\n', '\n']"
1287,01:28:01.901,"['(김신)\n', '아무래도 계속 부를 기세야\n', '\n']"
1288,01:28:03.611,"['언제 어디서든\n', '지적이고 빈틈없는 모습이고 싶어\n', '\n']"
1289,01:28:06.614,"['남자다웠나?\n', '\n']"
1290,01:28:07.740,"['- (김신) 덕화야\n', '- 무슨 안 좋은 일 있어?\n', '\n']"
1291,01:28:09.450,"['누가 아저씨 신부 한대요?\n', '\n']"
1292,01:28:11.286,"['(점쟁이)\n', '모자 쓴 남자 조심해, 새카만 모자\n', '\n']"
1293,01:28:14.706,"['(은탁)\n', '저 죽어요?\n', '저 이제 겨우 열아홉인데?\n', '\n']"
1294,01:28:17.458,"['아홉 살에도 죽고 열 살에도 죽어\n', '\n']"
1295,01:28:23.840,"['그게 죽음이야\n', '\n']"
1296,01:28:25.049,"['[천둥이 콰르릉 친다]\n', '\n']"
1297,01:28:28.845,"['자막: 최혜란\n', '\n']"
